codigo_producto,descripcion,mes,real,pronosticado,error_pct
26001,Bottle white/red 500 ml,2025-12,61.0,1.5721623418533683,-0.9742268468548627
26123,Bottle silver/black 750 ml,2025-12,32.0,0.3552254866434587,-0.9888992035423919
44052,Pre-Workout Booster Apple-Raspberry 256 g,2025-12,17.0,0.08536808660382558,-0.9949783478468338
6210,L-Glutamine 350 g,2025-12,17.0,0.057118931434097166,-0.9966400628568178
45203,Immunoguard Blackcurrant 10 x 4 g,2025-12,4.0,0.3135435531841915,-0.9216141117039521
12136,Electrolytes Berry 12 x 10 Tabs,2025-12,3.0,1.7690259931960388,-0.41032466893465375
12130,Electrolytes Fruitmix 12 x 10 Tabs,2025-12,2.0,1.3031223372083858,-0.3484388313958071
17222,Liquid Energy Pure 18 x 70 g,2025-12,2.0,0.6448166228168608,-0.6775916885915696
17507,Magnesium 375 Exotic 30 x 25 ml,2025-12,2.0,1.518205878529185,-0.2408970607354075
45003,Mental Focus Herbs Berries 150 gr,2025-12,2.0,0.14792000292109342,-0.9260399985394533
17504,Activator 200 Fruit Boost 30 x 25 ml,2025-12,1.0,1.5180154001914574,0.5180154001914574
18101,Recovery Drink Strawberry-Banana 20 x 60 g,2025-12,1.0,0.35742523209216737,-0.6425747679078326
4616,Salt Caps 120 Caps,2025-12,1.0,1.9062329177376536,0.9062329177376536
8212,Competition Orange 800 g,2025-12,1.0,0.2124958939512142,-0.7875041060487857
8213,Competition Citrus 800 g,2025-12,1.0,0.4253757168905488,-0.5746242831094512
8216,Competition Fruitmix 800 g,2025-12,1.0,0.20012787492567774,-0.7998721250743223
1015,Electrolytes Fruitmix 10 Tabs,2025-12,0.0,0.07064164854245178,
10750,Crunchy Protein Raspberry 12 x 50 g,2025-12,0.0,0.15066015965409285,
10752,Crunchy Protein Peanut-Caramel 12 x 50 g,2025-12,0.0,0.07470208764263811,
10755,Protein Crunchy Cookies Cream 15 x 50 g,2025-12,0.0,0.026451903662838457,
10757,Protein Crunchy Strawberry 15 x 50 g,2025-12,0.0,0.05405935051507703,
12100,Magnesium Plus Fruitmix 20 x 6.5 g,2025-12,0.0,0.23200014276433126,
12121,Low Carb Burner Wild Berries 20 x 6g,2025-12,0.0,0.15264592231299295,
12125,Lipox Burner Raspberry 110 g,2025-12,0.0,0.16794019159440218,
12132,Electrolytes Lemon 12 x 10 Tabs,2025-12,0.0,0.04286596238911573,
12134,Electrolytes Red Orange 12 x 10 Tabs,2025-12,0.0,0.9512493202451066,
12138,Electrolytes Cherry 12 x 10 Tabs,2025-12,0.0,1.1721124765683184,
1295,Activator 200 Cola-Lemon UNIDAD 25ml,2025-12,0.0,0.026039992422496744,
1297,High Energy Banana 45 g,2025-12,0.0,0.024733876241349675,
1298,High Energy Berry 45 g,2025-12,0.0,0.024733876241349675,
1299,Liquid Energy BCAA Strawberry Banana 70 g,2025-12,0.0,0.027255268004744496,
13014,Carnitin 1000 Red Orange 400 g,2025-12,0.0,0.09765601162225086,
13016,Carnitin 1000 Lemon-Elderberry 400 g,2025-12,0.0,0.07519660091555061,
1302,Power Gums Sour 75 g UNIDAD,2025-12,0.0,0.024733876241349675,
1303,Power Gums Fruitmix 75 g UNIDAD,2025-12,0.0,0.024733876241349675,
1306,Carbo Fuel Blackcurrant 10 x 83g,2025-12,0.0,0.11218496747459797,
1307,Carbo Hydrogel Neutral 20 x 60 g,2025-12,0.0,0.4636108801250942,
1308,Carbo Hydrogel Mint 20 x 60g,2025-12,0.0,0.3871188547401164,
1309,Sport Biotics 90 caps,2025-12,0.0,0.05844398472858894,
14210,Oat Pack Macadamia & Chufas 30 x 60 g,2025-12,0.0,0.024733876241349675,
14218,Oat Pack Creamy Caramel 25 x 50 g,2025-12,0.0,0.2591850588854104,
15026,High Energy Salty + Nuts 30 x 45 g,2025-12,0.0,0.3958842367291656,
15030,High Energy Apricot-Vanilla 30 x 45 g,2025-12,0.0,0.498749539464916,
15032,High Energy Berry 30 x 45 g,2025-12,0.0,0.13157405306738731,
15034,High Energy Banana 30 x 45 g,2025-12,0.0,0.4856894948501278,
15041,Energy Balls Blueberry 18 x 45 g,2025-12,0.0,0.1173905561730047,
15043,Energy Balls Mango 18 x 45 g,2025-12,0.0,0.13748755694590414,
15045,Energy Balls Salted Caramel 18 x 45 g,2025-12,0.0,0.06758151562077262,
17114,Liquid Energy Plus 40 x 35 g,2025-12,0.0,0.17648479715582566,
17115,Liquid Energy Ultra 40 x 25 g,2025-12,0.0,0.024733876241349675,
17143,Liquid Energy Salty 40 x 35 g,2025-12,0.0,0.0666029604748698,
17322,Liquid Energy Plus 18 x 70 g,2025-12,0.0,0.9518047032180241,
17323,Liquid Energy Plus Cola-Lemon 20 x 70 g,2025-12,0.0,0.049250896889104084,
17400,Liquid Energy BCAA Strawberry Banana 18 x 70 g,2025-12,0.0,1.3516017730136243,
17501,Carnitin 1000 Peach 30 x 25 ml,2025-12,0.0,0.28360096069494933,
17505,Mental Focus Grape-Cherry 5 x 25 ml,2025-12,0.0,0.024733876241349675,
17508,Activator 200 Cola-Lemon 30 x 25 ml,2025-12,0.0,0.05864137100730101,
17521,Caffeine Caps 90 Caps,2025-12,0.0,0.16153529376387518,
17700,Power Gums Fruitmix 20 x 75 g,2025-12,0.0,0.33001244666045443,
17704,Power Gums Cola 20 x 75 g,2025-12,0.0,0.20505577287829085,
17706,Power Gums Sour 20 x 75 g,2025-12,0.0,0.3291836851137745,
18100,Recovery Drink Strawberry-Banana 6 x 60,2025-12,0.0,0.024733876241349675,
18121,Recovery Drink Strawberry-Banana 1200 g,2025-12,0.0,0.19048419232478175,
20002,Creatine Monohydrate Pure 500 g,2025-12,0.0,0.8190222495503638,
21008,Soft Flask 500ml,2025-12,0.0,0.045014062304782713,
21010,Wave Shaker 600ml,2025-12,0.0,0.04162708485268063,
25002,Sponser Cap white with net,2025-12,0.0,0.024733876241349675,
26004,Bottle transparent/red 500 ml,2025-12,0.0,0.3161633432784774,
26005,Bottle pink/silver 500 ml,2025-12,0.0,0.23101327806652644,
26006,Bottle silver/black 500 ml,2025-12,0.0,0.17228873009077142,
26007,Bottle red/silver 500 ml,2025-12,0.0,0.04796088713015506,
26008,Bottle blue metallic/silver 500 ml,2025-12,0.0,0.26022601833481024,
26009,Bottle black/silver 500 ml,2025-12,0.0,0.3311339015858876,
26010,Bottle pink transparent/silver 500 ml,2025-12,0.0,0.024733876241349675,
26020,Pro bottle 500 ml white/red,2025-12,0.0,0.03450121274256223,
26093,Pro bottle 750 ml white/red,2025-12,0.0,0.03362186877842545,
26100,Bottle transparent/red 1000 ml,2025-12,0.0,0.21740601000621346,
26101,Bottle white/red 750 ml,2025-12,0.0,0.45299200394503747,
26104,Bottle white/red 1000 ml,2025-12,0.0,0.10686933021819023,
26107,Replacement Cap Bottles 500ml / 750ml,2025-12,0.0,0.042654158726841127,
26111,Bottle blue metallic/silver 750 ml,2025-12,0.0,0.02692941526672469,
26117,Bottle orange/silver 750 ml,2025-12,0.0,0.037708321693919605,
26121,Bottle red/silver 750 ml,2025-12,0.0,0.07853498886982474,
26124,Bottle black/silver 750 ml,2025-12,0.0,0.11335333344922276,
26127,Bottle transparent/red 750 ml,2025-12,0.0,0.1615460306582523,
26141,Bottle cyan blue/orange 750 ml,2025-12,0.0,0.024733876241349675,
26142,Bottle white/gold 750 ml,2025-12,0.0,0.027509334461195113,
26151,Bottle transparent / Hockey Cap 1000 ml,2025-12,0.0,0.03009285190889127,
2621,Cereal Energy Plus Cranberry 15 x 40 g,2025-12,0.0,0.1499769531697247,
2721,Cereal Energy Bar Strawberry 20 x 40 g,2025-12,0.0,0.17709951981426958,
3525,Recovery Shake Banana 900 g,2025-12,0.0,0.05007379317674509,
3527,Recovery Shake Vanilla 900 g,2025-12,0.0,0.055746039306578024,
4004,Maltodextrin 100 Pure 900 g,2025-12,0.0,0.25495067127239857,
44017,Whey Isolate 94 Strawberry 1500 g,2025-12,0.0,0.02830645670730119,
44018,Whey Isolate 94 Vanilla 1500 g,2025-12,0.0,0.027301302796101455,
44019,Whey Isolate 94 Chocolate 1500 g,2025-12,0.0,0.024733876241349675,
44022,Amino 12500 Cherry 30 x 25 ml,2025-12,0.0,1.2943408233991183,
44031,Mass Gainer Vanilla 1200 g,2025-12,0.0,0.024733876241349675,
44033,Mass Gainer Chocolate 1200 g,2025-12,0.0,0.03427190770983996,
44056,HMB & Creatine Synergy Pure 320 g,2025-12,0.0,0.03559528541754985,
44060,Protein 50 Chocolate 20 x 70 g,2025-12,0.0,0.031322193016168794,
44071,Red Beet Vinitrox 4 x 60 ml,2025-12,0.0,0.15007154496000966,
44072,Nitroflow Performance 10 x 7 g,2025-12,0.0,0.26072091087640303,
4500,Carbo Loader Citrus-Orange 1200 g,2025-12,0.0,0.1898498726305086,
45002,Basic Minerals Citrus 400 g,2025-12,0.0,0.02780277488165874,
45005,Relax & Recover Orange-Peach 120g,2025-12,0.0,0.18044444817088592,
45006,Daily Greens 90 Caps,2025-12,0.0,0.39438635148243706,
4502,Carbo Loader Citrus-Orange 15 x 75 g,2025-12,0.0,0.24243198631939403,
45117,Protein Low Carb Choco Brownie 25 x 50 g,2025-12,0.0,0.15927598277712396,
45120,Protein Low Carb Mocca White Choco 25 x 50 g,2025-12,0.0,0.031322193016168794,
45207,Glucosamin Chondroitin 180 Tabs,2025-12,0.0,0.23416719291932495,
45212,Omega-3 Plus Citrus 150 ml,2025-12,0.0,0.0868352705096692,
45215,MCT Oil Neutral 500 ml,2025-12,0.0,0.04966119112778125,
45225,Lactoferrin 90 Caps,2025-12,0.0,0.2312538451369485,
4614,Lactat Buffer Lemon 600 g,2025-12,0.0,0.06707243859880177,
4620,Muscle Relax 4 x 30 ml,2025-12,0.0,2.1903320400660187,
4700,Long Energy Berry 1000 g,2025-12,0.0,0.18713466769036674,
4703,Long Energy Citrus 20 x 60 g,2025-12,0.0,0.07983577599456385,
4706,Long Energy Fruitmix 1200 g,2025-12,0.0,0.21353123248039818,
4708,Long Energy Citrus 700 g,2025-12,0.0,0.02865900946919773,
4710,Long Energy Fruit Mix 700 g,2025-12,0.0,0.028636656744058714,
6153,Beta Alanine 140 Tabs,2025-12,0.0,0.18695295399581685,
6304,BCAA Instant Cola 200 g,2025-12,0.0,0.03130607899074876,
6307,BCAA 350 Caps,2025-12,0.0,0.024733876241349675,
7151,Whey Isolate 94 Banana 1500 g,2025-12,0.0,0.02771207105489426,
7152,Whey Isolate 94 Strawberry 1500 g,2025-12,0.0,0.02979656598994653,
7153,Whey Isolate 94 Vanilla 1500 g,2025-12,0.0,0.028683294524779065,
7154,Whey Isolate 94 Chocolate 1500 g,2025-12,0.0,0.03009285190889127,
7160,Clear Iso Whey Blueberry 450 gr,2025-12,0.0,0.1221191835088026,
7161,Clear Iso Whey Orange-Yuzu 450gr,2025-12,0.0,0.2291756854708529,
7162,Clear Iso Whey Watermelon 450gr,2025-12,0.0,0.3262812914573525,
7706,Vegan Protein Neutral 480 g,2025-12,0.0,0.024733876241349675,
7707,Vegan Protein Chocolate 480 g,2025-12,0.0,0.027050963777248298,
7715,Senior Protein Orange-Yoghurt 455 g,2025-12,0.0,0.17697680537164473,
7716,Senior Protein Chocolate 455 g,2025-12,0.0,0.031078865117031312,
8029,Isotonic Red Orange 20 x 52 g,2025-12,0.0,0.14766987833892192,
8050,Isotonic Red Orange 500 g,2025-12,0.0,0.026683786273990512,
8118,Isotonic Fruitmix 1000 g,2025-12,0.0,0.12390981465729532,
8123,Isotonic Red Orange 1000 g,2025-12,0.0,0.06004465301273569,
8143,Isotonic Peach 1000 g,2025-12,0.0,0.17863662535949743,
8153,Isotonic Citrus 1000 g,2025-12,0.0,0.028795767523981948,
8154,Isotonic Ice Tea 1000 g,2025-12,0.0,0.15280229584339572,
8166,Competition Citrus 400 g,2025-12,0.0,0.024733876241349675,
8168,Competition Fruitmix 400 g,2025-12,0.0,0.03116394937101903,
8169,Competition Raspberry 400 g,2025-12,0.0,0.03025993360144122,
8170,Competition Orange 500 g,2025-12,0.0,0.029914596293679145,
8202,Competition Orange 1000 g,2025-12,0.0,0.40422334777439717,
8203,Competition Citrus 1000 g,2025-12,0.0,0.11085473413506147,
8205,Competition Raspberry 1000 g,2025-12,0.0,0.9410250447941507,
8206,Competition Fruitmix 1000 g,2025-12,0.0,0.6868895949458952,
8207,Competition Cool Mint 1000 g,2025-12,0.0,0.500044626421426,
8208,Tokyo Competition Orange 1000 g,2025-12,0.0,0.024733876241349675,
82080,Premium Plant Protein Vanille 455 g,2025-12,0.0,0.038122796646722024,
8210,Ultra Competition Neutral 1000 g,2025-12,0.0,0.4320384746091457,
8215,Competition Raspberry 800 g,2025-12,0.0,0.13221506772670172,
8217,Competition Cool Mint 800 g,2025-12,0.0,0.2651800667886229,
8222,Competition Orange 20 x 60 g,2025-12,0.0,0.384008948626706,
8225,Carbo Fuel Blackcurrant 1000 g,2025-12,0.0,0.25527646110090324,
9302,Power Porridge Apple-Vanilla 840 g,2025-12,0.0,0.11153432959895483,
17322,Liquid Energy Plus 18 x 70 g,2026-01,17.0,15.827466278547956,-0.06897257185012026
12136,Electrolytes Berry 12 x 10 Tabs,2026-01,16.0,20.74959834973444,0.2968498968584026
4616,Salt Caps 120 Caps,2026-01,16.0,22.24742558581046,0.39046409911315383
17504,Activator 200 Fruit Boost 30 x 25 ml,2026-01,15.5,20.189518648687315,0.3025495902378913
12130,Electrolytes Fruitmix 12 x 10 Tabs,2026-01,14.0,14.592933098680671,0.04235236419147651
8212,Competition Orange 800 g,2026-01,13.0,3.6912486170766297,-0.7160577986864131
17400,Liquid Energy BCAA Strawberry Banana 18 x 70 g,2026-01,12.5,20.574435064097777,0.6459548051278222
8206,Competition Fruitmix 1000 g,2026-01,12.0,10.706920843185381,-0.10775659640121822
20002,Creatine Monohydrate Pure 500 g,2026-01,10.0,11.030070700985469,0.1030070700985469
26020,Pro bottle 500 ml white/red,2026-01,10.0,0.529777005759867,-0.9470222994240134
26093,Pro bottle 750 ml white/red,2026-01,10.0,0.5191686221023716,-0.9480831377897628
26101,Bottle white/red 750 ml,2026-01,9.0,7.409510841457626,-0.1767210176158193
15034,High Energy Banana 30 x 45 g,2026-01,8.0,6.292330385259965,-0.21345870184250437
12134,Electrolytes Red Orange 12 x 10 Tabs,2026-01,7.0,10.29997656188876,0.4714252231269658
17222,Liquid Energy Pure 18 x 70 g,2026-01,7.0,11.7656448938756,0.6808064134108
26001,Bottle white/red 500 ml,2026-01,7.0,15.71870196455881,1.2455288520798302
17507,Magnesium 375 Exotic 30 x 25 ml,2026-01,6.0,20.433275060203027,2.4055458433671713
6153,Beta Alanine 140 Tabs,2026-01,6.0,2.660094840180024,-0.556650859969996
12138,Electrolytes Cherry 12 x 10 Tabs,2026-01,5.0,13.568231661505232,1.7136463323010465
7162,Clear Iso Whey Watermelon 450gr,2026-01,5.0,3.382843315998167,-0.3234313368003666
8213,Competition Citrus 800 g,2026-01,5.0,5.860872910079271,0.17217458201585423
8225,Carbo Fuel Blackcurrant 1000 g,2026-01,5.0,3.2243661083869095,-0.3551267783226181
10750,Crunchy Protein Raspberry 12 x 50 g,2026-01,4.0,2.2216400660722604,-0.4445899834819349
1307,Carbo Hydrogel Neutral 20 x 60 g,2026-01,4.0,5.5258787600518176,0.3814696900129544
1308,Carbo Hydrogel Mint 20 x 60g,2026-01,4.0,4.9676219378897875,0.24190548447244686
17704,Power Gums Cola 20 x 75 g,2026-01,4.0,3.2118145839811216,-0.1970463540047196
17706,Power Gums Sour 20 x 75 g,2026-01,4.0,4.177748773531474,0.044437193382868445
18101,Recovery Drink Strawberry-Banana 20 x 60 g,2026-01,4.0,4.124336423448576,0.03108410586214405
44022,Amino 12500 Cherry 30 x 25 ml,2026-01,4.0,15.409832794544727,2.8524581986361817
45203,Immunoguard Blackcurrant 10 x 4 g,2026-01,4.0,4.023436617074862,0.005859154268715416
45207,Glucosamin Chondroitin 180 Tabs,2026-01,4.0,3.1661511607201174,-0.20846220981997066
4614,Lactat Buffer Lemon 600 g,2026-01,4.0,1.045710837224905,-0.7385722906937737
8210,Ultra Competition Neutral 1000 g,2026-01,4.0,6.760840392276981,0.6902100980692452
15026,High Energy Salty + Nuts 30 x 45 g,2026-01,3.0,5.23645656239137,0.7454855207971235
17700,Power Gums Fruitmix 20 x 75 g,2026-01,3.0,4.039521144330919,0.34650704811030647
2621,Cereal Energy Plus Cranberry 15 x 40 g,2026-01,3.0,2.3605280700739337,-0.21315730997535542
45003,Mental Focus Herbs Berries 150 gr,2026-01,3.0,1.670464406357256,-0.443178531214248
4620,Muscle Relax 4 x 30 ml,2026-01,3.0,23.09847776548108,6.699492588493693
4706,Long Energy Fruitmix 1200 g,2026-01,3.0,2.5880772269431334,-0.13730759101895554
8216,Competition Fruitmix 800 g,2026-01,3.0,4.575103214261278,0.5250344047537595
17114,Liquid Energy Plus 40 x 35 g,2026-01,2.5,2.902414802896525,0.16096592115861003
12100,Magnesium Plus Fruitmix 20 x 6.5 g,2026-01,2.0,4.120563888478859,1.0602819442394296
45225,Lactoferrin 90 Caps,2026-01,2.0,3.0391108161896736,0.5195554080948368
4700,Long Energy Berry 1000 g,2026-01,2.0,2.4661987236989993,0.23309936184949964
7160,Clear Iso Whey Blueberry 450 gr,2026-01,2.0,2.5500064467037604,0.2750032233518802
8154,Isotonic Ice Tea 1000 g,2026-01,2.0,2.3675246795843083,0.18376233979215417
8205,Competition Raspberry 1000 g,2026-01,2.0,16.126840658557576,7.063420329278788
8217,Competition Cool Mint 800 g,2026-01,2.0,3.303345656544418,0.6516728282722091
12121,Low Carb Burner Wild Berries 20 x 6g,2026-01,1.0,2.292190729290453,1.292190729290453
12125,Lipox Burner Raspberry 110 g,2026-01,1.0,3.0507971000856124,2.0507971000856124
13016,Carnitin 1000 Lemon-Elderberry 400 g,2026-01,1.0,1.2363341672863621,0.23633416728636214
15030,High Energy Apricot-Vanilla 30 x 45 g,2026-01,1.0,5.39542087584587,4.39542087584587
17501,Carnitin 1000 Peach 30 x 25 ml,2026-01,1.0,5.031040669137035,4.031040669137035
17521,Caffeine Caps 90 Caps,2026-01,1.0,2.1968744166579413,1.1968744166579413
18121,Recovery Drink Strawberry-Banana 1200 g,2026-01,1.0,3.0801804505602153,2.0801804505602153
44052,Pre-Workout Booster Apple-Raspberry 256 g,2026-01,1.0,1.2861186512185072,0.2861186512185072
44072,Nitroflow Performance 10 x 7 g,2026-01,1.0,5.156024299683461,4.156024299683461
4500,Carbo Loader Citrus-Orange 1200 g,2026-01,1.0,2.590816215974415,1.590816215974415
7161,Clear Iso Whey Orange-Yuzu 450gr,2026-01,1.0,2.8706755916459494,1.8706755916459494
8118,Isotonic Fruitmix 1000 g,2026-01,1.0,1.6390092005316852,0.6390092005316852
8153,Isotonic Citrus 1000 g,2026-01,1.0,0.45332147182921845,-0.5466785281707816
8202,Competition Orange 1000 g,2026-01,1.0,5.830173007103708,4.830173007103708
8207,Competition Cool Mint 1000 g,2026-01,1.0,5.943127175313378,4.943127175313378
1015,Electrolytes Fruitmix 10 Tabs,2026-01,0.0,1.4267693617996338,
10752,Crunchy Protein Peanut-Caramel 12 x 50 g,2026-01,0.0,1.1034914386888643,
10755,Protein Crunchy Cookies Cream 15 x 50 g,2026-01,0.0,0.49229480555029187,
10757,Protein Crunchy Strawberry 15 x 50 g,2026-01,0.0,1.2547849264487847,
12132,Electrolytes Lemon 12 x 10 Tabs,2026-01,0.0,0.9204862988843163,
1295,Activator 200 Cola-Lemon UNIDAD 25ml,2026-01,0.0,0.48202248278867005,
1297,High Energy Banana 45 g,2026-01,0.0,0.4502186078676923,
1298,High Energy Berry 45 g,2026-01,0.0,0.4502186078676923,
1299,Liquid Energy BCAA Strawberry Banana 70 g,2026-01,0.0,0.5009528372313173,
13014,Carnitin 1000 Red Orange 400 g,2026-01,0.0,1.5032527404504736,
1302,Power Gums Sour 75 g UNIDAD,2026-01,0.0,0.4502186078676923,
1303,Power Gums Fruitmix 75 g UNIDAD,2026-01,0.0,0.4502186078676923,
1306,Carbo Fuel Blackcurrant 10 x 83g,2026-01,0.0,1.436732322647688,
1309,Sport Biotics 90 caps,2026-01,0.0,1.0509783682641467,
14210,Oat Pack Macadamia & Chufas 30 x 60 g,2026-01,0.0,0.4502186078676923,
14218,Oat Pack Creamy Caramel 25 x 50 g,2026-01,0.0,3.968290096604355,
15032,High Energy Berry 30 x 45 g,2026-01,0.0,4.828257651027426,
15041,Energy Balls Blueberry 18 x 45 g,2026-01,0.0,1.5988861422186555,
15043,Energy Balls Mango 18 x 45 g,2026-01,0.0,1.5541489909455866,
15045,Energy Balls Salted Caramel 18 x 45 g,2026-01,0.0,0.9505523368499293,
17115,Liquid Energy Ultra 40 x 25 g,2026-01,0.0,0.4502186078676923,
17143,Liquid Energy Salty 40 x 35 g,2026-01,0.0,1.5787815872059374,
17323,Liquid Energy Plus Cola-Lemon 20 x 70 g,2026-01,0.0,0.9814698175890085,
17505,Mental Focus Grape-Cherry 5 x 25 ml,2026-01,0.0,0.4502186078676923,
17508,Activator 200 Cola-Lemon 30 x 25 ml,2026-01,0.0,1.4662833112359763,
18100,Recovery Drink Strawberry-Banana 6 x 60,2026-01,0.0,0.4502186078676923,
21008,Soft Flask 500ml,2026-01,0.0,0.7042041027905619,
21010,Wave Shaker 600ml,2026-01,0.0,0.6085815188013396,
25002,Sponser Cap white with net,2026-01,0.0,0.4502186078676923,
26004,Bottle transparent/red 500 ml,2026-01,0.0,4.554519195265974,
26005,Bottle pink/silver 500 ml,2026-01,0.0,3.3774379232931135,
26006,Bottle silver/black 500 ml,2026-01,0.0,4.352008872440738,
26007,Bottle red/silver 500 ml,2026-01,0.0,1.0221805458761606,
26008,Bottle blue metallic/silver 500 ml,2026-01,0.0,2.975402813002071,
26009,Bottle black/silver 500 ml,2026-01,0.0,8.176595631008741,
26010,Bottle pink transparent/silver 500 ml,2026-01,0.0,0.5158711849347124,
26100,Bottle transparent/red 1000 ml,2026-01,0.0,2.6763112460809584,
26104,Bottle white/red 1000 ml,2026-01,0.0,2.7770292140723454,
26107,Replacement Cap Bottles 500ml / 750ml,2026-01,0.0,0.7330495078140267,
26111,Bottle blue metallic/silver 750 ml,2026-01,0.0,0.5048772808127028,
26117,Bottle orange/silver 750 ml,2026-01,0.0,0.6801907966154378,
26121,Bottle red/silver 750 ml,2026-01,0.0,1.420542183749421,
26123,Bottle silver/black 750 ml,2026-01,0.0,3.144892313805229,
26124,Bottle black/silver 750 ml,2026-01,0.0,2.863191034508645,
26127,Bottle transparent/red 750 ml,2026-01,0.0,3.9380572523109962,
26141,Bottle cyan blue/orange 750 ml,2026-01,0.0,0.4502186078676923,
26142,Bottle white/gold 750 ml,2026-01,0.0,0.5171340653369363,
26151,Bottle transparent / Hockey Cap 1000 ml,2026-01,0.0,0.5669249715676298,
2721,Cereal Energy Bar Strawberry 20 x 40 g,2026-01,0.0,2.5834830512841607,
3525,Recovery Shake Banana 900 g,2026-01,0.0,1.1093712245972118,
3527,Recovery Shake Vanilla 900 g,2026-01,0.0,1.384147145811068,
4004,Maltodextrin 100 Pure 900 g,2026-01,0.0,5.111562634109428,
44017,Whey Isolate 94 Strawberry 1500 g,2026-01,0.0,0.5373353510105157,
44018,Whey Isolate 94 Vanilla 1500 g,2026-01,0.0,0.5122473697665008,
44019,Whey Isolate 94 Chocolate 1500 g,2026-01,0.0,0.4502186078676923,
44031,Mass Gainer Vanilla 1200 g,2026-01,0.0,0.4502186078676923,
44033,Mass Gainer Chocolate 1200 g,2026-01,0.0,0.6465894639620337,
44056,HMB & Creatine Synergy Pure 320 g,2026-01,0.0,0.5388220412592125,
44060,Protein 50 Chocolate 20 x 70 g,2026-01,0.0,0.5974838085693694,
44071,Red Beet Vinitrox 4 x 60 ml,2026-01,0.0,4.685220349351488,
45002,Basic Minerals Citrus 400 g,2026-01,0.0,0.524027017596571,
45005,Relax & Recover Orange-Peach 120g,2026-01,0.0,3.411502019721561,
45006,Daily Greens 90 Caps,2026-01,0.0,4.680970247056201,
4502,Carbo Loader Citrus-Orange 15 x 75 g,2026-01,0.0,2.796475277567522,
45117,Protein Low Carb Choco Brownie 25 x 50 g,2026-01,0.0,2.20190992903269,
45120,Protein Low Carb Mocca White Choco 25 x 50 g,2026-01,0.0,0.5974838085693694,
45212,Omega-3 Plus Citrus 150 ml,2026-01,0.0,1.233107425373803,
45215,MCT Oil Neutral 500 ml,2026-01,0.0,1.02240247727443,
4703,Long Energy Citrus 20 x 60 g,2026-01,0.0,1.1984969514376356,
4708,Long Energy Citrus 700 g,2026-01,0.0,0.5330947502467187,
4710,Long Energy Fruit Mix 700 g,2026-01,0.0,0.6107709663896568,
6210,L-Glutamine 350 g,2026-01,0.0,0.723252485606642,
6304,BCAA Instant Cola 200 g,2026-01,0.0,0.5937970222599582,
6307,BCAA 350 Caps,2026-01,0.0,0.4502186078676923,
7151,Whey Isolate 94 Banana 1500 g,2026-01,0.0,0.4502186078676923,
7152,Whey Isolate 94 Strawberry 1500 g,2026-01,0.0,0.5445180644681453,
7153,Whey Isolate 94 Vanilla 1500 g,2026-01,0.0,0.5462176713436178,
7154,Whey Isolate 94 Chocolate 1500 g,2026-01,0.0,0.6325775486346499,
7706,Vegan Protein Neutral 480 g,2026-01,0.0,0.4502186078676923,
7707,Vegan Protein Chocolate 480 g,2026-01,0.0,0.49525780886882204,
7715,Senior Protein Orange-Yoghurt 455 g,2026-01,0.0,2.403749072700258,
7716,Senior Protein Chocolate 455 g,2026-01,0.0,0.5913645665310517,
8029,Isotonic Red Orange 20 x 52 g,2026-01,0.0,2.2320265439275304,
8050,Isotonic Red Orange 500 g,2026-01,0.0,0.49800128014382355,
8123,Isotonic Red Orange 1000 g,2026-01,0.0,0.8803611300247828,
8143,Isotonic Peach 1000 g,2026-01,0.0,2.9779437401124444,
8166,Competition Citrus 400 g,2026-01,0.0,0.4502186078676923,
8168,Competition Fruitmix 400 g,2026-01,0.0,0.6000698649003994,
8169,Competition Raspberry 400 g,2026-01,0.0,0.5707592483858062,
8170,Competition Orange 500 g,2026-01,0.0,0.5604457348960213,
8203,Competition Citrus 1000 g,2026-01,0.0,4.604953991871792,
8208,Tokyo Competition Orange 1000 g,2026-01,0.0,0.4502186078676923,
82080,Premium Plant Protein Vanille 455 g,2026-01,0.0,0.5669249715676298,
8215,Competition Raspberry 800 g,2026-01,0.0,4.042020354250671,
8222,Competition Orange 20 x 60 g,2026-01,0.0,4.549353638184875,
9302,Power Porridge Apple-Vanilla 840 g,2026-01,0.0,1.6142956370895511,
12136,Electrolytes Berry 12 x 10 Tabs,2026-02,31.0,18.65904873018313,-0.3980952022521571
17507,Magnesium 375 Exotic 30 x 25 ml,2026-02,28.5,18.420848670572976,-0.3536544326114745
17504,Activator 200 Fruit Boost 30 x 25 ml,2026-02,24.5,17.126760407149497,-0.3009485548102246
20002,Creatine Monohydrate Pure 500 g,2026-02,23.0,9.876786952037243,-0.5705744803462068
8213,Competition Citrus 800 g,2026-02,22.0,4.79399190208987,-0.7820912771777331
4616,Salt Caps 120 Caps,2026-02,21.0,18.718076298016793,-0.10866303342777174
8217,Competition Cool Mint 800 g,2026-02,21.0,3.3975959374798057,-0.8382097172628663
8216,Competition Fruitmix 800 g,2026-02,20.0,6.228539410448546,-0.6885730294775727
17400,Liquid Energy BCAA Strawberry Banana 18 x 70 g,2026-02,16.5,17.03167657830208,0.03222282292739874
12130,Electrolytes Fruitmix 12 x 10 Tabs,2026-02,16.0,12.920423535874411,-0.1924735290078493
8210,Ultra Competition Neutral 1000 g,2026-02,14.0,6.434159929726546,-0.5404171478766753
8206,Competition Fruitmix 1000 g,2026-02,13.0,10.535403927730988,-0.1895843132514625
17114,Liquid Energy Plus 40 x 35 g,2026-02,12.5,3.007694740258066,-0.7593844207793548
4620,Muscle Relax 4 x 30 ml,2026-02,12.0,18.189858659239427,0.5158215549366189
17322,Liquid Energy Plus 18 x 70 g,2026-02,11.0,14.677513281332763,0.33431938921206933
1307,Carbo Hydrogel Neutral 20 x 60 g,2026-02,10.0,4.7856261387180234,-0.5214373861281977
45203,Immunoguard Blackcurrant 10 x 4 g,2026-02,9.0,3.839373956540041,-0.5734028937177732
15030,High Energy Apricot-Vanilla 30 x 45 g,2026-02,8.0,4.876533032130802,-0.3904333709836497
26001,Bottle white/red 500 ml,2026-02,8.0,12.042188694071383,0.5052735867589229
8205,Competition Raspberry 1000 g,2026-02,8.0,14.543033208960088,0.817879151120011
12134,Electrolytes Red Orange 12 x 10 Tabs,2026-02,7.5,7.530255134743585,0.004034017965811288
12138,Electrolytes Cherry 12 x 10 Tabs,2026-02,7.5,12.082198998449094,0.6109598664598792
1308,Carbo Hydrogel Mint 20 x 60g,2026-02,7.0,4.43962450411633,-0.36576792798338137
15034,High Energy Banana 30 x 45 g,2026-02,7.0,5.633888707643887,-0.19515875605087324
26008,Bottle blue metallic/silver 500 ml,2026-02,7.0,2.7296264095307143,-0.6100533700670407
26009,Bottle black/silver 500 ml,2026-02,7.0,6.308490575569017,-0.09878706063299754
44022,Amino 12500 Cherry 30 x 25 ml,2026-02,7.0,14.01534346491847,1.0021919235597814
15026,High Energy Salty + Nuts 30 x 45 g,2026-02,6.5,4.73011166952115,-0.2722905123813616
12100,Magnesium Plus Fruitmix 20 x 6.5 g,2026-02,6.0,4.098961290202742,-0.3168397849662097
15041,Energy Balls Blueberry 18 x 45 g,2026-02,6.0,1.4752747232511423,-0.754120879458143
26101,Bottle white/red 750 ml,2026-02,6.0,5.742407033087941,-0.04293216115200978
26123,Bottle silver/black 750 ml,2026-02,6.0,2.5896781929501933,-0.5683869678416344
45003,Mental Focus Herbs Berries 150 gr,2026-02,6.0,1.7932005315454935,-0.7011332447424178
45225,Lactoferrin 90 Caps,2026-02,6.0,2.9402903736036605,-0.5099516043993899
7160,Clear Iso Whey Blueberry 450 gr,2026-02,6.0,3.420835583190403,-0.42986073613493286
8207,Competition Cool Mint 1000 g,2026-02,6.0,5.548299404710891,-0.07528343254818488
17222,Liquid Energy Pure 18 x 70 g,2026-02,5.0,12.291866510661203,1.4583733021322405
17521,Caffeine Caps 90 Caps,2026-02,5.0,2.102255250780684,-0.5795489498438632
2621,Cereal Energy Plus Cranberry 15 x 40 g,2026-02,5.0,2.2901070771053416,-0.5419785845789317
45207,Glucosamin Chondroitin 180 Tabs,2026-02,5.0,2.9152581745077097,-0.41694836509845806
7161,Clear Iso Whey Orange-Yuzu 450gr,2026-02,5.0,2.622869605882634,-0.4754260788234732
8203,Competition Citrus 1000 g,2026-02,5.0,6.161721972371076,0.23234439447421523
8212,Competition Orange 800 g,2026-02,5.0,3.8025582287043,-0.23948835425914003
10750,Crunchy Protein Raspberry 12 x 50 g,2026-02,4.0,2.0924222442237808,-0.4768944389440548
1309,Sport Biotics 90 caps,2026-02,4.0,1.5407948331207364,-0.6148012917198159
15043,Energy Balls Mango 18 x 45 g,2026-02,4.0,1.7834093412924257,-0.5541476646768936
18101,Recovery Drink Strawberry-Banana 20 x 60 g,2026-02,4.0,3.893045892582205,-0.026738526854448774
26004,Bottle transparent/red 500 ml,2026-02,4.0,3.9251037676581575,-0.018724058085460626
26006,Bottle silver/black 500 ml,2026-02,4.0,4.518759601788976,0.12968990044724404
7162,Clear Iso Whey Watermelon 450gr,2026-02,4.0,3.4234495323558987,-0.14413761691102533
8123,Isotonic Red Orange 1000 g,2026-02,4.0,1.0116268613324142,-0.7470932846668965
14218,Oat Pack Creamy Caramel 25 x 50 g,2026-02,3.0,3.8844817106452982,0.2948272368817661
17706,Power Gums Sour 20 x 75 g,2026-02,3.0,4.099380414252572,0.3664601380841906
26121,Bottle red/silver 750 ml,2026-02,3.0,1.4427947522074025,-0.5190684159308658
45212,Omega-3 Plus Citrus 150 ml,2026-02,3.0,1.202464629280836,-0.5991784569063879
6153,Beta Alanine 140 Tabs,2026-02,3.0,2.457720612766168,-0.18075979574461062
8118,Isotonic Fruitmix 1000 g,2026-02,3.0,1.9521711108673756,-0.3492762963775415
17704,Power Gums Cola 20 x 75 g,2026-02,2.5,3.1864610059977503,0.2745844023991001
13014,Carnitin 1000 Red Orange 400 g,2026-02,2.0,1.8003159029530809,-0.09984204852345957
17700,Power Gums Fruitmix 20 x 75 g,2026-02,2.0,3.953722790326344,0.9768613951631719
26104,Bottle white/red 1000 ml,2026-02,2.0,3.71385275525591,0.856926377627955
4500,Carbo Loader Citrus-Orange 1200 g,2026-02,2.0,2.5250334703317803,0.26251673516589014
4502,Carbo Loader Citrus-Orange 15 x 75 g,2026-02,2.0,2.538656964762019,0.2693284823810096
8143,Isotonic Peach 1000 g,2026-02,2.0,2.981143304644517,0.4905716523222585
8153,Isotonic Citrus 1000 g,2026-02,2.0,0.4177236506754722,-0.7911381746622639
8215,Competition Raspberry 800 g,2026-02,2.0,5.558401638432622,1.7792008192163111
12121,Low Carb Burner Wild Berries 20 x 6g,2026-02,1.0,2.2085863999334334,1.2085863999334334
13016,Carnitin 1000 Lemon-Elderberry 400 g,2026-02,1.0,1.3246128022881642,0.32461280228816425
17115,Liquid Energy Ultra 40 x 25 g,2026-02,1.0,0.4123053572004564,-0.5876946427995435
26005,Bottle pink/silver 500 ml,2026-02,1.0,2.6573119417486963,1.6573119417486963
44056,HMB & Creatine Synergy Pure 320 g,2026-02,1.0,0.4903051223240339,-0.5096948776759661
44072,Nitroflow Performance 10 x 7 g,2026-02,1.0,5.034091332778775,4.034091332778775
45005,Relax & Recover Orange-Peach 120g,2026-02,1.0,3.438697166258737,2.438697166258737
45006,Daily Greens 90 Caps,2026-02,1.0,4.648683068123144,3.6486830681231437
7715,Senior Protein Orange-Yoghurt 455 g,2026-02,1.0,2.206178371848426,1.2061783718484258
8154,Isotonic Ice Tea 1000 g,2026-02,1.0,2.3687226587990446,1.3687226587990446
1015,Electrolytes Fruitmix 10 Tabs,2026-02,0.0,1.851517801329546,
10752,Crunchy Protein Peanut-Caramel 12 x 50 g,2026-02,0.0,1.4091973464941134,
10755,Protein Crunchy Cookies Cream 15 x 50 g,2026-02,0.0,0.4512625992249241,
10757,Protein Crunchy Strawberry 15 x 50 g,2026-02,0.0,1.7471848332533315,
12125,Lipox Burner Raspberry 110 g,2026-02,0.0,3.50658593744637,
12132,Electrolytes Lemon 12 x 10 Tabs,2026-02,0.0,1.5171546740475428,
1295,Activator 200 Cola-Lemon UNIDAD 25ml,2026-02,0.0,0.44174355845592334,
1297,High Energy Banana 45 g,2026-02,0.0,0.4123053572004564,
1298,High Energy Berry 45 g,2026-02,0.0,0.4123053572004564,
1299,Liquid Energy BCAA Strawberry Banana 70 g,2026-02,0.0,0.45828983686133956,
1302,Power Gums Sour 75 g UNIDAD,2026-02,0.0,0.4123053572004564,
1303,Power Gums Fruitmix 75 g UNIDAD,2026-02,0.0,0.4123053572004564,
1306,Carbo Fuel Blackcurrant 10 x 83g,2026-02,0.0,1.3332321578653734,
14210,Oat Pack Macadamia & Chufas 30 x 60 g,2026-02,0.0,0.4123053572004564,
15032,High Energy Berry 30 x 45 g,2026-02,0.0,5.608299281688266,
15045,Energy Balls Salted Caramel 18 x 45 g,2026-02,0.0,1.5655132591803114,
17143,Liquid Energy Salty 40 x 35 g,2026-02,0.0,2.631929548511042,
17323,Liquid Energy Plus Cola-Lemon 20 x 70 g,2026-02,0.0,1.4717943993344422,
17501,Carnitin 1000 Peach 30 x 25 ml,2026-02,0.0,5.060741991889175,
17505,Mental Focus Grape-Cherry 5 x 25 ml,2026-02,0.0,0.4123053572004564,
17508,Activator 200 Cola-Lemon 30 x 25 ml,2026-02,0.0,3.5038600637445456,
18100,Recovery Drink Strawberry-Banana 6 x 60,2026-02,0.0,0.4123053572004564,
18121,Recovery Drink Strawberry-Banana 1200 g,2026-02,0.0,3.1805681587509222,
21008,Soft Flask 500ml,2026-02,0.0,0.6452953575212798,
21010,Wave Shaker 600ml,2026-02,0.0,0.5550335674898741,
25002,Sponser Cap white with net,2026-02,0.0,0.4123053572004564,
26007,Bottle red/silver 500 ml,2026-02,0.0,1.3134882552593397,
26010,Bottle pink transparent/silver 500 ml,2026-02,0.0,0.4721995279299079,
26020,Pro bottle 500 ml white/red,2026-02,0.0,0.48410816886838703,
26093,Pro bottle 750 ml white/red,2026-02,0.0,0.47452376529138873,
26100,Bottle transparent/red 1000 ml,2026-02,0.0,2.3133259038939085,
26107,Replacement Cap Bottles 500ml / 750ml,2026-02,0.0,0.6717517090003371,
26111,Bottle blue metallic/silver 750 ml,2026-02,0.0,0.46299559375355714,
26117,Bottle orange/silver 750 ml,2026-02,0.0,0.6230232206316554,
26124,Bottle black/silver 750 ml,2026-02,0.0,3.470619965706381,
26127,Bottle transparent/red 750 ml,2026-02,0.0,3.8546008065440884,
26141,Bottle cyan blue/orange 750 ml,2026-02,0.0,0.4123053572004564,
26142,Bottle white/gold 750 ml,2026-02,0.0,0.4741707803392622,
26151,Bottle transparent / Hockey Cap 1000 ml,2026-02,0.0,0.5190636919391415,
2721,Cereal Energy Bar Strawberry 20 x 40 g,2026-02,0.0,2.381221368525699,
3525,Recovery Shake Banana 900 g,2026-02,0.0,1.7956022570340984,
3527,Recovery Shake Vanilla 900 g,2026-02,0.0,2.4367711274751125,
4004,Maltodextrin 100 Pure 900 g,2026-02,0.0,4.713072470228421,
44017,Whey Isolate 94 Strawberry 1500 g,2026-02,0.0,0.4929407361392446,
44018,Whey Isolate 94 Vanilla 1500 g,2026-02,0.0,0.46966399319311647,
44019,Whey Isolate 94 Chocolate 1500 g,2026-02,0.0,0.4123053572004564,
44031,Mass Gainer Vanilla 1200 g,2026-02,0.0,0.4123053572004564,
44033,Mass Gainer Chocolate 1200 g,2026-02,0.0,0.5919075990089628,
44052,Pre-Workout Booster Apple-Raspberry 256 g,2026-02,0.0,1.5024965386790181,
44060,Protein 50 Chocolate 20 x 70 g,2026-02,0.0,0.546728819234962,
44071,Red Beet Vinitrox 4 x 60 ml,2026-02,0.0,6.265431690760747,
45002,Basic Minerals Citrus 400 g,2026-02,0.0,0.48052784922750347,
45117,Protein Low Carb Choco Brownie 25 x 50 g,2026-02,0.0,1.9803936117953314,
45120,Protein Low Carb Mocca White Choco 25 x 50 g,2026-02,0.0,0.546728819234962,
45215,MCT Oil Neutral 500 ml,2026-02,0.0,1.349451407381194,
4614,Lactat Buffer Lemon 600 g,2026-02,0.0,1.4214519512072752,
4700,Long Energy Berry 1000 g,2026-02,0.0,2.409014929783382,
4703,Long Energy Citrus 20 x 60 g,2026-02,0.0,1.2738742425276344,
4706,Long Energy Fruitmix 1200 g,2026-02,0.0,2.357334612211673,
4708,Long Energy Citrus 700 g,2026-02,0.0,0.487854881225103,
4710,Long Energy Fruit Mix 700 g,2026-02,0.0,0.5600153668968479,
6210,L-Glutamine 350 g,2026-02,0.0,0.6334230187441665,
6304,BCAA Instant Cola 200 g,2026-02,0.0,0.5430607470904953,
6307,BCAA 350 Caps,2026-02,0.0,0.4123053572004564,
7151,Whey Isolate 94 Banana 1500 g,2026-02,0.0,0.4123053572004564,
7152,Whey Isolate 94 Strawberry 1500 g,2026-02,0.0,0.4993570771496245,
7153,Whey Isolate 94 Vanilla 1500 g,2026-02,0.0,0.5011353692886733,
7154,Whey Isolate 94 Chocolate 1500 g,2026-02,0.0,0.578957862668593,
7706,Vegan Protein Neutral 480 g,2026-02,0.0,0.4123053572004564,
7707,Vegan Protein Chocolate 480 g,2026-02,0.0,0.45295892528114184,
7716,Senior Protein Chocolate 455 g,2026-02,0.0,0.5410616450351032,
8029,Isotonic Red Orange 20 x 52 g,2026-02,0.0,2.0590793961833858,
8050,Isotonic Red Orange 500 g,2026-02,0.0,0.4565561618846485,
8166,Competition Citrus 400 g,2026-02,0.0,0.4123053572004564,
8168,Competition Fruitmix 400 g,2026-02,0.0,0.5504011297140196,
8169,Competition Raspberry 400 g,2026-02,0.0,0.5225913429958265,
8170,Competition Orange 500 g,2026-02,0.0,0.512885926374841,
8202,Competition Orange 1000 g,2026-02,0.0,5.380178085068598,
8208,Tokyo Competition Orange 1000 g,2026-02,0.0,0.4123053572004564,
82080,Premium Plant Protein Vanille 455 g,2026-02,0.0,0.5190636919391415,
8222,Competition Orange 20 x 60 g,2026-02,0.0,4.477995244878416,
8225,Carbo Fuel Blackcurrant 1000 g,2026-02,0.0,3.487704170541297,
9302,Power Porridge Apple-Vanilla 840 g,2026-02,0.0,1.5207424731792805,
26001,Bottle white/red 500 ml,2026-03,48.0,12.639255052602765,-0.7366821864041091
8205,Competition Raspberry 1000 g,2026-03,26.0,16.00052105221379,-0.3845953441456234
4616,Salt Caps 120 Caps,2026-03,23.0,20.932418957645545,-0.08989482792845456
4620,Muscle Relax 4 x 30 ml,2026-03,22.0,19.50720729287328,-0.11330875941485097
12136,Electrolytes Berry 12 x 10 Tabs,2026-03,21.5,20.565277787665913,-0.04347545173646916
12130,Electrolytes Fruitmix 12 x 10 Tabs,2026-03,20.5,14.253297471748155,-0.30471719650009
17504,Activator 200 Fruit Boost 30 x 25 ml,2026-03,20.0,18.837025872789855,-0.058148706360507244
17507,Magnesium 375 Exotic 30 x 25 ml,2026-03,20.0,20.410908467241498,0.020545423362074898
26093,Pro bottle 750 ml white/red,2026-03,20.0,0.516381930404198,-0.9741809034797901
17400,Liquid Energy BCAA Strawberry Banana 18 x 70 g,2026-03,15.5,18.841240501555244,0.2155639033261448
12138,Electrolytes Cherry 12 x 10 Tabs,2026-03,14.5,13.252360768065671,-0.08604408496098821
20002,Creatine Monohydrate Pure 500 g,2026-03,13.0,10.991827986947609,-0.15447477023479933
8216,Competition Fruitmix 800 g,2026-03,13.0,6.936395615650018,-0.46643110648846015
1307,Carbo Hydrogel Neutral 20 x 60 g,2026-03,12.0,5.239163413689328,-0.5634030488592227
1308,Carbo Hydrogel Mint 20 x 60g,2026-03,11.0,4.8758496257346975,-0.5567409431150275
8203,Competition Citrus 1000 g,2026-03,10.0,6.7802513836198495,-0.32197486163801503
17222,Liquid Energy Pure 18 x 70 g,2026-03,9.5,13.679674949652432,0.43996578417394017
17322,Liquid Energy Plus 18 x 70 g,2026-03,9.0,16.140858480440432,0.7934287200489369
8210,Ultra Competition Neutral 1000 g,2026-03,9.0,7.112012825267099,-0.2097763527481001
8215,Competition Raspberry 800 g,2026-03,9.0,6.141650645495036,-0.31759437272277374
17501,Carnitin 1000 Peach 30 x 25 ml,2026-03,8.0,5.597196274917594,-0.30035046563530077
8217,Competition Cool Mint 800 g,2026-03,8.0,3.7709404125533705,-0.5286324484308287
8222,Competition Orange 20 x 60 g,2026-03,8.0,4.946211169300192,-0.38172360383747606
12134,Electrolytes Red Orange 12 x 10 Tabs,2026-03,7.0,8.300720820051266,0.18581726000732374
17521,Caffeine Caps 90 Caps,2026-03,7.0,2.3096764527930116,-0.6700462210295698
18101,Recovery Drink Strawberry-Banana 20 x 60 g,2026-03,7.0,4.314221506913957,-0.38368264186943474
18121,Recovery Drink Strawberry-Banana 1200 g,2026-03,7.0,3.5147083259081153,-0.49789881058455493
44022,Amino 12500 Cherry 30 x 25 ml,2026-03,7.0,15.445333213158658,1.2064761733083798
15043,Energy Balls Mango 18 x 45 g,2026-03,6.0,1.949226952376611,-0.6751288412705648
26101,Bottle white/red 750 ml,2026-03,6.0,6.367916492737271,0.06131941545621178
8207,Competition Cool Mint 1000 g,2026-03,6.0,6.06564235217693,0.010940392029488303
15034,High Energy Banana 30 x 45 g,2026-03,5.0,6.212907387116148,0.2425814774232297
45225,Lactoferrin 90 Caps,2026-03,5.0,3.2045008456040804,-0.3590998308791839
8202,Competition Orange 1000 g,2026-03,5.0,5.957647223922906,0.19152944478458114
17115,Liquid Energy Ultra 40 x 25 g,2026-03,4.5,0.45503711554404136,-0.8988806409902131
15041,Energy Balls Blueberry 18 x 45 g,2026-03,4.0,1.6159391607931746,-0.5960152098017064
4500,Carbo Loader Citrus-Orange 1200 g,2026-03,4.0,2.787821571141569,-0.3030446072146078
8143,Isotonic Peach 1000 g,2026-03,4.0,3.2834780084737476,-0.1791304978815631
10750,Crunchy Protein Raspberry 12 x 50 g,2026-03,3.5,2.286185915790982,-0.3468040240597195
17700,Power Gums Fruitmix 20 x 75 g,2026-03,3.5,4.372111194838849,0.2491746270968141
12100,Magnesium Plus Fruitmix 20 x 6.5 g,2026-03,3.0,4.527396222283862,0.5091320740946207
14218,Oat Pack Creamy Caramel 25 x 50 g,2026-03,3.0,4.304616896787661,0.4348722989292204
15030,High Energy Apricot-Vanilla 30 x 45 g,2026-03,3.0,5.346643475040571,0.7822144916801902
2621,Cereal Energy Plus Cranberry 15 x 40 g,2026-03,3.0,2.5377350868827206,-0.15408830437242646
45005,Relax & Recover Orange-Peach 120g,2026-03,3.0,3.7663185029596,0.2554395009865333
45207,Glucosamin Chondroitin 180 Tabs,2026-03,3.0,3.196111268139623,0.0653704227132077
45212,Omega-3 Plus Citrus 150 ml,2026-03,3.0,1.373503939104679,-0.5421653536317736
8123,Isotonic Red Orange 1000 g,2026-03,3.0,1.1344198654703477,-0.6218600448432174
8212,Competition Orange 800 g,2026-03,3.0,4.226036743683946,0.4086789145613154
15026,High Energy Salty + Nuts 30 x 45 g,2026-03,2.5,5.178986743835743,1.0715946975342974
17114,Liquid Energy Plus 40 x 35 g,2026-03,2.5,3.3319486347824565,0.3327794539129826
2721,Cereal Energy Bar Strawberry 20 x 40 g,2026-03,2.0,2.7418166688491556,0.3709083344245778
44072,Nitroflow Performance 10 x 7 g,2026-03,2.0,5.5439433263404885,1.7719716631702442
45203,Immunoguard Blackcurrant 10 x 4 g,2026-03,2.0,4.211590892795406,1.1057954463977029
4700,Long Energy Berry 1000 g,2026-03,2.0,2.6529364125106727,0.32646820625533635
7160,Clear Iso Whey Blueberry 450 gr,2026-03,2.0,3.9607040927989283,0.9803520463994642
7162,Clear Iso Whey Watermelon 450gr,2026-03,2.0,3.758676430401973,0.8793382152009865
7706,Vegan Protein Neutral 480 g,2026-03,2.0,0.45503711554404136,-0.7724814422279793
8153,Isotonic Citrus 1000 g,2026-03,2.0,0.45503711554404136,-0.7724814422279793
8225,Carbo Fuel Blackcurrant 1000 g,2026-03,2.0,3.8472164146075194,0.9236082073037597
17704,Power Gums Cola 20 x 75 g,2026-03,1.5,3.505966496657076,1.337310997771384
17706,Power Gums Sour 20 x 75 g,2026-03,1.5,4.166420028562995,1.7776133523753301
12121,Low Carb Burner Wild Berries 20 x 6g,2026-03,1.0,2.4191582109808745,1.4191582109808745
12125,Lipox Burner Raspberry 110 g,2026-03,1.0,3.850121110784261,2.850121110784261
13016,Carnitin 1000 Lemon-Elderberry 400 g,2026-03,1.0,1.5082813786747902,0.5082813786747902
1306,Carbo Fuel Blackcurrant 10 x 83g,2026-03,1.0,1.4631524958339783,0.46315249583397833
1309,Sport Biotics 90 caps,2026-03,1.0,1.6780078572982469,0.6780078572982469
44056,HMB & Creatine Synergy Pure 320 g,2026-03,1.0,0.539245428778703,-0.46075457122129704
45003,Mental Focus Herbs Berries 150 gr,2026-03,1.0,2.0104916287612817,1.0104916287612817
4502,Carbo Loader Citrus-Orange 15 x 75 g,2026-03,1.0,2.80358037105491,1.80358037105491
45117,Protein Low Carb Choco Brownie 25 x 50 g,2026-03,1.0,2.1740304410733358,1.1740304410733358
45215,MCT Oil Neutral 500 ml,2026-03,1.0,1.6365644366693546,0.6365644366693546
6153,Beta Alanine 140 Tabs,2026-03,1.0,2.692849547707054,1.6928495477070542
7707,Vegan Protein Chocolate 480 g,2026-03,1.0,0.4982385261962743,-0.5017614738037257
7716,Senior Protein Chocolate 455 g,2026-03,1.0,0.5941280323653221,-0.4058719676346779
8029,Isotonic Red Orange 20 x 52 g,2026-03,1.0,2.2486884758426573,1.2486884758426573
8154,Isotonic Ice Tea 1000 g,2026-03,1.0,2.593994591578751,1.5939945915787508
8206,Competition Fruitmix 1000 g,2026-03,1.0,11.69302484751934,10.69302484751934
1015,Electrolytes Fruitmix 10 Tabs,2026-03,0.0,2.3325112694944,
10752,Crunchy Protein Peanut-Caramel 12 x 50 g,2026-03,0.0,1.6053375129499576,
10755,Protein Crunchy Cookies Cream 15 x 50 g,2026-03,0.0,0.49797965733738,
10757,Protein Crunchy Strawberry 15 x 50 g,2026-03,0.0,2.0964945288394454,
12132,Electrolytes Lemon 12 x 10 Tabs,2026-03,0.0,1.915043806703191,
1295,Activator 200 Cola-Lemon UNIDAD 25ml,2026-03,0.0,0.48747484155193527,
1297,High Energy Banana 45 g,2026-03,0.0,0.45503711554404136,
1298,High Energy Berry 45 g,2026-03,0.0,0.45503711554404136,
1299,Liquid Energy BCAA Strawberry Banana 70 g,2026-03,0.0,0.5042038148261452,
13014,Carnitin 1000 Red Orange 400 g,2026-03,0.0,2.0107967719359334,
1302,Power Gums Sour 75 g UNIDAD,2026-03,0.0,0.45503711554404136,
1303,Power Gums Fruitmix 75 g UNIDAD,2026-03,0.0,0.45503711554404136,
14210,Oat Pack Macadamia & Chufas 30 x 60 g,2026-03,0.0,0.45503711554404136,
15032,High Energy Berry 30 x 45 g,2026-03,0.0,6.229683931679149,
15045,Energy Balls Salted Caramel 18 x 45 g,2026-03,0.0,2.5465567875381945,
17143,Liquid Energy Salty 40 x 35 g,2026-03,0.0,3.576851943542914,
17323,Liquid Energy Plus Cola-Lemon 20 x 70 g,2026-03,0.0,1.9554025447405914,
17505,Mental Focus Grape-Cherry 5 x 25 ml,2026-03,0.0,0.45503711554404136,
17508,Activator 200 Cola-Lemon 30 x 25 ml,2026-03,0.0,4.936385342769272,
18100,Recovery Drink Strawberry-Banana 6 x 60,2026-03,0.0,0.45503711554404136,
21008,Soft Flask 500ml,2026-03,0.0,0.7121757597524156,
21010,Wave Shaker 600ml,2026-03,0.0,0.5615779311526214,
25002,Sponser Cap white with net,2026-03,0.0,0.45503711554404136,
26004,Bottle transparent/red 500 ml,2026-03,0.0,4.227971719843873,
26005,Bottle pink/silver 500 ml,2026-03,0.0,2.6518002664162803,
26006,Bottle silver/black 500 ml,2026-03,0.0,4.826860011375593,
26007,Bottle red/silver 500 ml,2026-03,0.0,1.5871527505625678,
26008,Bottle blue metallic/silver 500 ml,2026-03,0.0,2.9464295672695786,
26009,Bottle black/silver 500 ml,2026-03,0.0,6.7992235329858595,
26010,Bottle pink transparent/silver 500 ml,2026-03,0.0,0.5225222278791716,
26020,Pro bottle 500 ml white/red,2026-03,0.0,0.5273188106368459,
26100,Bottle transparent/red 1000 ml,2026-03,0.0,2.636918541496162,
26104,Bottle white/red 1000 ml,2026-03,0.0,3.9820556644526652,
26107,Replacement Cap Bottles 500ml / 750ml,2026-03,0.0,0.7408362546390772,
26111,Bottle blue metallic/silver 750 ml,2026-03,0.0,0.5110412354608919,
26117,Bottle orange/silver 750 ml,2026-03,0.0,0.687455356763438,
26121,Bottle red/silver 750 ml,2026-03,0.0,1.6897827434888208,
26123,Bottle silver/black 750 ml,2026-03,0.0,2.6061080782645263,
26124,Bottle black/silver 750 ml,2026-03,0.0,3.675449720402055,
26127,Bottle transparent/red 750 ml,2026-03,0.0,4.009451866510797,
26141,Bottle cyan blue/orange 750 ml,2026-03,0.0,0.45503711554404136,
26142,Bottle white/gold 750 ml,2026-03,0.0,0.5230934588995897,
26151,Bottle transparent / Hockey Cap 1000 ml,2026-03,0.0,0.5707214574460856,
3525,Recovery Shake Banana 900 g,2026-03,0.0,2.2517985275953603,
3527,Recovery Shake Vanilla 900 g,2026-03,0.0,2.8927216345814046,
4004,Maltodextrin 100 Pure 900 g,2026-03,0.0,4.980597523935849,
44017,Whey Isolate 94 Strawberry 1500 g,2026-03,0.0,0.5438856941972816,
44018,Whey Isolate 94 Vanilla 1500 g,2026-03,0.0,0.5181527567417024,
44019,Whey Isolate 94 Chocolate 1500 g,2026-03,0.0,0.45503711554404136,
44031,Mass Gainer Vanilla 1200 g,2026-03,0.0,0.45503711554404136,
44033,Mass Gainer Chocolate 1200 g,2026-03,0.0,0.9177814368585517,
44052,Pre-Workout Booster Apple-Raspberry 256 g,2026-03,0.0,1.7136055828519485,
44060,Protein 50 Chocolate 20 x 70 g,2026-03,0.0,0.6003794227970469,
44071,Red Beet Vinitrox 4 x 60 ml,2026-03,0.0,6.890002465095793,
45002,Basic Minerals Citrus 400 g,2026-03,0.0,0.5300625864442192,
45006,Daily Greens 90 Caps,2026-03,0.0,5.2122427051606275,
45120,Protein Low Carb Mocca White Choco 25 x 50 g,2026-03,0.0,0.6003794227970469,
4614,Lactat Buffer Lemon 600 g,2026-03,0.0,1.7163847982126215,
4703,Long Energy Citrus 20 x 60 g,2026-03,0.0,1.4142924109059059,
4706,Long Energy Fruitmix 1200 g,2026-03,0.0,2.574902106195328,
4708,Long Energy Citrus 700 g,2026-03,0.0,0.5364948125781561,
4710,Long Energy Fruit Mix 700 g,2026-03,0.0,0.6192464722593539,
6210,L-Glutamine 350 g,2026-03,0.0,0.6992457215295134,
6304,BCAA Instant Cola 200 g,2026-03,0.0,0.595940615305499,
6307,BCAA 350 Caps,2026-03,0.0,0.45503711554404136,
7151,Whey Isolate 94 Banana 1500 g,2026-03,0.0,0.45503711554404136,
7152,Whey Isolate 94 Strawberry 1500 g,2026-03,0.0,0.5505993800322035,
7153,Whey Isolate 94 Vanilla 1500 g,2026-03,0.0,0.5528737239697414,
7154,Whey Isolate 94 Chocolate 1500 g,2026-03,0.0,0.6382065697812158,
7161,Clear Iso Whey Orange-Yuzu 450gr,2026-03,0.0,2.875007359316364,
7715,Senior Protein Orange-Yoghurt 455 g,2026-03,0.0,2.4002849165263527,
8050,Isotonic Red Orange 500 g,2026-03,0.0,0.5038308103127639,
8118,Isotonic Fruitmix 1000 g,2026-03,0.0,2.119828828129947,
8166,Competition Citrus 400 g,2026-03,0.0,0.45503711554404136,
8168,Competition Fruitmix 400 g,2026-03,0.0,0.6062662061336839,
8169,Competition Raspberry 400 g,2026-03,0.0,0.5745755636374021,
8170,Competition Orange 500 g,2026-03,0.0,0.5636373018494423,
8208,Tokyo Competition Orange 1000 g,2026-03,0.0,0.45503711554404136,
82080,Premium Plant Protein Vanille 455 g,2026-03,0.0,0.5707214574460856,
8213,Competition Citrus 800 g,2026-03,0.0,5.322125705845046,
9302,Power Porridge Apple-Vanilla 840 g,2026-03,0.0,1.7464125217418365,
4616,Salt Caps 120 Caps,2026-04,37.0,20.348854883667492,-0.4500309490900678
8216,Competition Fruitmix 800 g,2026-04,32.0,6.696856757243925,-0.7907232263361273
8205,Competition Raspberry 1000 g,2026-04,27.0,15.786582099124349,-0.4153117741065056
17507,Magnesium 375 Exotic 30 x 25 ml,2026-04,24.0,20.15510841734138,-0.16020381594410912
12136,Electrolytes Berry 12 x 10 Tabs,2026-04,21.75,20.274411231895282,-0.06784316175194105
17400,Liquid Energy BCAA Strawberry Banana 18 x 70 g,2026-04,20.0,18.116442963282513,-0.09417785183587438
8215,Competition Raspberry 800 g,2026-04,20.0,6.032001183639054,-0.6983999408180473
12130,Electrolytes Fruitmix 12 x 10 Tabs,2026-04,19.0,13.987207206243754,-0.26383119967138136
4620,Muscle Relax 4 x 30 ml,2026-04,19.0,18.893992138909237,-0.005579361110040163
17322,Liquid Energy Plus 18 x 70 g,2026-04,18.5,15.707532097056173,-0.15094421096993657
17222,Liquid Energy Pure 18 x 70 g,2026-04,18.0,13.476586430425598,-0.25130075386524453
20002,Creatine Monohydrate Pure 500 g,2026-04,18.0,10.69104290829933,-0.4060531717611483
8213,Competition Citrus 800 g,2026-04,17.0,5.149243001765078,-0.6971033528373483
44022,Amino 12500 Cherry 30 x 25 ml,2026-04,13.93,15.236950033708032,0.09382268727265129
8210,Ultra Competition Neutral 1000 g,2026-04,13.0,6.98733734500226,-0.4625125119229031
17504,Activator 200 Fruit Boost 30 x 25 ml,2026-04,12.73,18.58518734288451,0.4599518729681468
12138,Electrolytes Cherry 12 x 10 Tabs,2026-04,12.0,13.04488687077073,0.08707390589756085
1307,Carbo Hydrogel Neutral 20 x 60 g,2026-04,10.5,5.2095863722541935,-0.503848916928172
13014,Carnitin 1000 Red Orange 400 g,2026-04,9.0,1.9839756867298337,-0.7795582570300185
1308,Carbo Hydrogel Mint 20 x 60g,2026-04,9.0,4.836575154495518,-0.46260276061160915
8202,Competition Orange 1000 g,2026-04,9.0,5.820458933865222,-0.353282340681642
8217,Competition Cool Mint 800 g,2026-04,9.0,3.6560215634989346,-0.5937753818334517
12134,Electrolytes Red Orange 12 x 10 Tabs,2026-04,8.75,8.15406329503704,-0.06810705199576676
15034,High Energy Banana 30 x 45 g,2026-04,8.5,6.132246205343606,-0.2785592699595757
12125,Lipox Burner Raspberry 110 g,2026-04,8.0,3.7852102771940705,-0.5268487153507412
4004,Maltodextrin 100 Pure 900 g,2026-04,8.0,4.861980076624387,-0.39225249042195165
44071,Red Beet Vinitrox 4 x 60 ml,2026-04,8.0,6.787315920448446,-0.15158550994394426
7161,Clear Iso Whey Orange-Yuzu 450gr,2026-04,7.0,2.8671490119440923,-0.5904072840079868
7162,Clear Iso Whey Watermelon 450gr,2026-04,7.0,3.739278288448295,-0.46581738736452927
45203,Immunoguard Blackcurrant 10 x 4 g,2026-04,6.0,4.143550836777135,-0.3094081938704775
8154,Isotonic Ice Tea 1000 g,2026-04,6.0,2.5575435552279924,-0.5737427407953346
8222,Competition Orange 20 x 60 g,2026-04,6.0,4.877164151623495,-0.1871393080627509
9302,Power Porridge Apple-Vanilla 840 g,2026-04,6.0,1.7480364909724762,-0.7086605848379207
15030,High Energy Apricot-Vanilla 30 x 45 g,2026-04,5.5,5.189972540471359,-0.05636862900520741
18101,Recovery Drink Strawberry-Banana 20 x 60 g,2026-04,5.5,4.220341711380087,-0.23266514338543878
4502,Carbo Loader Citrus-Orange 15 x 75 g,2026-04,5.5,2.75071069422413,-0.49987078286834
17700,Power Gums Fruitmix 20 x 75 g,2026-04,5.0,4.333251846881293,-0.13334963062374144
45005,Relax & Recover Orange-Peach 120g,2026-04,5.0,3.694327168125689,-0.2611345663748622
12100,Magnesium Plus Fruitmix 20 x 6.5 g,2026-04,4.0,4.449550306923007,0.11238757673075184
13016,Carnitin 1000 Lemon-Elderberry 400 g,2026-04,4.0,1.4811356651395362,-0.6297160837151159
17521,Caffeine Caps 90 Caps,2026-04,4.0,2.269321117558615,-0.43266972061034625
18121,Recovery Drink Strawberry-Banana 1200 g,2026-04,4.0,3.4829537543461564,-0.1292615614134609
26001,Bottle white/red 500 ml,2026-04,4.0,12.299150824386173,2.074787706096543
44072,Nitroflow Performance 10 x 7 g,2026-04,4.0,5.415117658984385,0.3537794147460962
7160,Clear Iso Whey Blueberry 450 gr,2026-04,4.0,3.913345393254661,-0.021663651686334773
8143,Isotonic Peach 1000 g,2026-04,4.0,3.228803558510687,-0.19279911037232822
10752,Crunchy Protein Peanut-Caramel 12 x 50 g,2026-04,3.0,1.5800075904594597,-0.4733308031801801
12121,Low Carb Burner Wild Berries 20 x 6g,2026-04,3.0,2.3759249567125207,-0.20802501442915977
15041,Energy Balls Blueberry 18 x 45 g,2026-04,3.0,1.5833678717327997,-0.4722107094224001
45225,Lactoferrin 90 Caps,2026-04,3.0,3.0966026247212577,0.0322008749070859
4700,Long Energy Berry 1000 g,2026-04,3.0,2.625432350732846,-0.12485588308905138
6153,Beta Alanine 140 Tabs,2026-04,3.0,2.6404269975409402,-0.11985766748635325
8203,Competition Citrus 1000 g,2026-04,3.0,6.606113653966664,1.2020378846555546
8206,Competition Fruitmix 1000 g,2026-04,3.0,11.580939038276025,2.860313012758675
8207,Competition Cool Mint 1000 g,2026-04,3.0,5.866239575892821,0.9554131919642735
15045,Energy Balls Salted Caramel 18 x 45 g,2026-04,2.05,2.6947487123711533,0.3145115670103188
15026,High Energy Salty + Nuts 30 x 45 g,2026-04,2.0,5.122374750347555,1.5611873751737777
15043,Energy Balls Mango 18 x 45 g,2026-04,2.0,2.3051217069348526,0.15256085346742632
26005,Bottle pink/silver 500 ml,2026-04,2.0,2.5199796018857024,0.2599898009428512
26008,Bottle blue metallic/silver 500 ml,2026-04,2.0,2.9043422273137174,0.4521711136568587
2721,Cereal Energy Bar Strawberry 20 x 40 g,2026-04,2.0,2.710948486987035,0.3554742434935174
44052,Pre-Workout Booster Apple-Raspberry 256 g,2026-04,2.0,1.7369974843276108,-0.1315012578361946
44056,HMB & Creatine Synergy Pure 320 g,2026-04,2.0,0.5245324565983225,-0.7377337717008388
45003,Mental Focus Herbs Berries 150 gr,2026-04,2.0,2.0032084209796337,0.0016042104898168486
45117,Protein Low Carb Choco Brownie 25 x 50 g,2026-04,2.0,2.167610568916602,0.08380528445830104
45207,Glucosamin Chondroitin 180 Tabs,2026-04,2.0,3.103354168204496,0.551677084102248
45212,Omega-3 Plus Citrus 150 ml,2026-04,2.0,1.436435580981689,-0.28178220950915545
45215,MCT Oil Neutral 500 ml,2026-04,2.0,1.6767623172944446,-0.1616188413527777
8118,Isotonic Fruitmix 1000 g,2026-04,2.0,2.084190238324036,0.042095119162018024
8153,Isotonic Citrus 1000 g,2026-04,2.0,0.43911206062106894,-0.7804439696894655
8225,Carbo Fuel Blackcurrant 1000 g,2026-04,2.0,3.796194687540874,0.8980973437704369
1306,Carbo Fuel Blackcurrant 10 x 83g,2026-04,1.5,1.4396483872523935,-0.04023440849840432
14218,Oat Pack Creamy Caramel 25 x 50 g,2026-04,1.5,4.239535934388516,1.826357289592344
17114,Liquid Energy Plus 40 x 35 g,2026-04,1.5,3.273705389322052,1.1824702595480348
17704,Power Gums Cola 20 x 75 g,2026-04,1.5,3.4741074743491986,1.3160716495661324
1309,Sport Biotics 90 caps,2026-04,1.0,1.6976662277201762,0.6976662277201762
17706,Power Gums Sour 20 x 75 g,2026-04,1.0,3.949929238445713,2.949929238445713
26121,Bottle red/silver 750 ml,2026-04,1.0,1.6896165444756435,0.6896165444756435
2621,Cereal Energy Plus Cranberry 15 x 40 g,2026-04,1.0,2.480904307867046,1.4809043078670459
4500,Carbo Loader Citrus-Orange 1200 g,2026-04,1.0,2.75311725351187,1.7531172535118702
45006,Daily Greens 90 Caps,2026-04,1.0,5.0770430722660205,4.0770430722660205
7706,Vegan Protein Neutral 480 g,2026-04,1.0,0.43911206062106894,-0.560887939378931
7707,Vegan Protein Chocolate 480 g,2026-04,1.0,0.4839632379210532,-0.5160367620789468
7715,Senior Protein Orange-Yoghurt 455 g,2026-04,1.0,2.375480165918813,1.375480165918813
1015,Electrolytes Fruitmix 10 Tabs,2026-04,0.0,2.3054140785573516,
10750,Crunchy Protein Raspberry 12 x 50 g,2026-04,0.0,2.225359223911299,
10755,Protein Crunchy Cookies Cream 15 x 50 g,2026-04,0.0,0.4810342271754223,
10757,Protein Crunchy Strawberry 15 x 50 g,2026-04,0.0,2.080409019217342,
12132,Electrolytes Lemon 12 x 10 Tabs,2026-04,0.0,1.9816926417352774,
1295,Activator 200 Cola-Lemon UNIDAD 25ml,2026-04,0.0,0.47082329692324554,
1297,High Energy Banana 45 g,2026-04,0.0,0.43911206062106894,
1298,High Energy Berry 45 g,2026-04,0.0,0.43911206062106894,
1299,Liquid Energy BCAA Strawberry Banana 70 g,2026-04,0.0,0.48962775484411203,
1302,Power Gums Sour 75 g UNIDAD,2026-04,0.0,0.43911206062106894,
1303,Power Gums Fruitmix 75 g UNIDAD,2026-04,0.0,0.43911206062106894,
14210,Oat Pack Macadamia & Chufas 30 x 60 g,2026-04,0.0,0.43911206062106894,
15032,High Energy Berry 30 x 45 g,2026-04,0.0,6.141105307815944,
17115,Liquid Energy Ultra 40 x 25 g,2026-04,0.0,0.43911206062106894,
17143,Liquid Energy Salty 40 x 35 g,2026-04,0.0,3.4044628089531046,
17323,Liquid Energy Plus Cola-Lemon 20 x 70 g,2026-04,0.0,2.0893228157845574,
17501,Carnitin 1000 Peach 30 x 25 ml,2026-04,0.0,5.519964058537084,
17505,Mental Focus Grape-Cherry 5 x 25 ml,2026-04,0.0,0.43911206062106894,
17508,Activator 200 Cola-Lemon 30 x 25 ml,2026-04,0.0,4.817208307435771,
18100,Recovery Drink Strawberry-Banana 6 x 60,2026-04,0.0,0.43911206062106894,
21008,Soft Flask 500ml,2026-04,0.0,0.6876178230192773,
21010,Wave Shaker 600ml,2026-04,0.0,0.5463056873629777,
25002,Sponser Cap white with net,2026-04,0.0,0.43911206062106894,
26004,Bottle transparent/red 500 ml,2026-04,0.0,4.215187252578595,
26006,Bottle silver/black 500 ml,2026-04,0.0,4.6786030184334475,
26007,Bottle red/silver 500 ml,2026-04,0.0,1.615279859226359,
26009,Bottle black/silver 500 ml,2026-04,0.0,6.668333589858967,
26010,Bottle pink transparent/silver 500 ml,2026-04,0.0,0.49880996018554463,
26020,Pro bottle 500 ml white/red,2026-04,0.0,0.5097657142939579,
26093,Pro bottle 750 ml white/red,2026-04,0.0,0.4993075501102492,
26100,Bottle transparent/red 1000 ml,2026-04,0.0,2.4779083409659557,
26101,Bottle white/red 750 ml,2026-04,0.0,6.299615221533773,
26104,Bottle white/red 1000 ml,2026-04,0.0,3.9315431133483254,
26107,Replacement Cap Bottles 500ml / 750ml,2026-04,0.0,0.7165138081241157,
26111,Bottle blue metallic/silver 750 ml,2026-04,0.0,0.4935835416885481,
26117,Bottle orange/silver 750 ml,2026-04,0.0,0.6690721042666532,
26123,Bottle silver/black 750 ml,2026-04,0.0,2.533120097516459,
26124,Bottle black/silver 750 ml,2026-04,0.0,3.625231766856949,
26127,Bottle transparent/red 750 ml,2026-04,0.0,3.9708254111282892,
26141,Bottle cyan blue/orange 750 ml,2026-04,0.0,0.43911206062106894,
26142,Bottle white/gold 750 ml,2026-04,0.0,0.5057944697841709,
26151,Bottle transparent / Hockey Cap 1000 ml,2026-04,0.0,0.5553721555340131,
3525,Recovery Shake Banana 900 g,2026-04,0.0,2.426750688176939,
3527,Recovery Shake Vanilla 900 g,2026-04,0.0,2.837636605916331,
44017,Whey Isolate 94 Strawberry 1500 g,2026-04,0.0,0.5259389084537613,
44018,Whey Isolate 94 Vanilla 1500 g,2026-04,0.0,0.5009233204207876,
44019,Whey Isolate 94 Chocolate 1500 g,2026-04,0.0,0.43911206062106894,
44031,Mass Gainer Vanilla 1200 g,2026-04,0.0,0.43911206062106894,
44033,Mass Gainer Chocolate 1200 g,2026-04,0.0,1.0196344405432878,
44060,Protein 50 Chocolate 20 x 70 g,2026-04,0.0,0.5845200633454788,
45002,Basic Minerals Citrus 400 g,2026-04,0.0,0.5126654924817174,
45120,Protein Low Carb Mocca White Choco 25 x 50 g,2026-04,0.0,0.5845200633454788,
4614,Lactat Buffer Lemon 600 g,2026-04,0.0,1.7651415740097685,
4703,Long Energy Citrus 20 x 60 g,2026-04,0.0,1.4100345207188805,
4706,Long Energy Fruitmix 1200 g,2026-04,0.0,2.5719282888807866,
4708,Long Energy Citrus 700 g,2026-04,0.0,0.521664389834473,
4710,Long Energy Fruit Mix 700 g,2026-04,0.0,0.5933952161752956,
6210,L-Glutamine 350 g,2026-04,0.0,0.6723306999177404,
6304,BCAA Instant Cola 200 g,2026-04,0.0,0.5809319845788531,
6307,BCAA 350 Caps,2026-04,0.0,0.43911206062106894,
7151,Whey Isolate 94 Banana 1500 g,2026-04,0.0,0.43911206062106894,
7152,Whey Isolate 94 Strawberry 1500 g,2026-04,0.0,0.5331269632215578,
7153,Whey Isolate 94 Vanilla 1500 g,2026-04,0.0,0.5347931197521905,
7154,Whey Isolate 94 Chocolate 1500 g,2026-04,0.0,0.6150700550984888,
7716,Senior Protein Chocolate 455 g,2026-04,0.0,0.5784490475246162,
8029,Isotonic Red Orange 20 x 52 g,2026-04,0.0,2.22444220652187,
8050,Isotonic Red Orange 500 g,2026-04,0.0,0.48674208182863743,
8123,Isotonic Red Orange 1000 g,2026-04,0.0,1.167054923503146,
8166,Competition Citrus 400 g,2026-04,0.0,0.43911206062106894,
8168,Competition Fruitmix 400 g,2026-04,0.0,0.5885005610493146,
8169,Competition Raspberry 400 g,2026-04,0.0,0.5591937739589267,
8170,Competition Orange 500 g,2026-04,0.0,0.5489420963057218,
8208,Tokyo Competition Orange 1000 g,2026-04,0.0,0.43911206062106894,
82080,Premium Plant Protein Vanille 455 g,2026-04,0.0,0.5553721555340131,
8212,Competition Orange 800 g,2026-04,0.0,4.14976808875951,
8213,Competition Citrus 800 g,2026-05,29.0,4.713897043323972,-0.8374518260922769
8215,Competition Raspberry 800 g,2026-05,24.0,5.557551769476151,-0.7684353429384937
26001,Bottle white/red 500 ml,2026-05,22.0,11.061852969345667,-0.4971885013933788
17507,Magnesium 375 Exotic 30 x 25 ml,2026-05,20.0,18.41857422251419,-0.07907128887429042
12136,Electrolytes Berry 12 x 10 Tabs,2026-05,17.25,18.61499904913624,0.07913037966007194
17504,Activator 200 Fruit Boost 30 x 25 ml,2026-05,17.0,17.0418205359508,0.0024600315265177345
21008,Soft Flask 500ml,2026-05,16.0,0.6360049986402274,-0.9602496875849857
4616,Salt Caps 120 Caps,2026-05,16.0,18.670609857696558,0.16691311610603488
8205,Competition Raspberry 1000 g,2026-05,15.0,14.46153228706661,-0.03589784752889263
44022,Amino 12500 Cherry 30 x 25 ml,2026-05,13.0,13.93538256159269,0.07195250473789919
4620,Muscle Relax 4 x 30 ml,2026-05,13.0,17.08458914394965,0.31419916491920385
17322,Liquid Energy Plus 18 x 70 g,2026-05,11.5,14.306561457871567,0.2440488224236145
25002,Sponser Cap white with net,2026-05,11.0,0.4065451894870026,-0.9630413464102724
17400,Liquid Energy BCAA Strawberry Banana 18 x 70 g,2026-05,10.332,16.211167672068953,0.5690251327980015
12138,Electrolytes Cherry 12 x 10 Tabs,2026-05,10.25,11.850518176455274,0.15614811477612434
1308,Carbo Hydrogel Mint 20 x 60g,2026-05,10.0,4.3707698408474736,-0.5629230159152526
26020,Pro bottle 500 ml white/red,2026-05,10.0,0.6656772345405669,-0.9334322765459433
12134,Electrolytes Red Orange 12 x 10 Tabs,2026-05,9.25,7.404758461988045,-0.19948557167696807
17222,Liquid Energy Pure 18 x 70 g,2026-05,9.15,12.365220163537488,0.35139018180737575
8143,Isotonic Peach 1000 g,2026-05,8.0,2.923192563755954,-0.6346009295305057
8210,Ultra Competition Neutral 1000 g,2026-05,8.0,6.397048169288846,-0.20036897883889426
12130,Electrolytes Fruitmix 12 x 10 Tabs,2026-05,7.75,12.735471363448093,0.6432866275416894
12100,Magnesium Plus Fruitmix 20 x 6.5 g,2026-05,6.0,4.04821899203172,-0.32529683466138
21010,Wave Shaker 600ml,2026-05,6.0,0.5024968547476112,-0.9162505242087314
15034,High Energy Banana 30 x 45 g,2026-05,5.0,5.556947357525198,0.1113894715050396
15041,Energy Balls Blueberry 18 x 45 g,2026-05,5.0,1.4435654052747913,-0.7112869189450418
17501,Carnitin 1000 Peach 30 x 25 ml,2026-05,5.0,5.026191786065843,0.005238357213168676
2721,Cereal Energy Bar Strawberry 20 x 40 g,2026-05,5.0,2.465996988966383,-0.5068006022067234
45003,Mental Focus Herbs Berries 150 gr,2026-05,5.0,1.8271715590101525,-0.6345656881979694
45006,Daily Greens 90 Caps,2026-05,5.0,4.654066783663597,-0.06918664326728052
7161,Clear Iso Whey Orange-Yuzu 450gr,2026-05,5.0,2.6156519116932793,-0.47686961766134417
8222,Competition Orange 20 x 60 g,2026-05,5.0,4.432121326803482,-0.11357573463930368
1306,Carbo Fuel Blackcurrant 10 x 83g,2026-05,4.5,1.309183005779593,-0.7090704431600905
15030,High Energy Apricot-Vanilla 30 x 45 g,2026-05,4.5,4.613695325820976,0.025265627960216957
15043,Energy Balls Mango 18 x 45 g,2026-05,4.5,2.656380701525463,-0.40969317743878597
17706,Power Gums Sour 20 x 75 g,2026-05,4.5,3.58217284476452,-0.2039615900523289
1307,Carbo Hydrogel Neutral 20 x 60 g,2026-05,4.0,4.710886151039047,0.17772153775976185
17704,Power Gums Cola 20 x 75 g,2026-05,4.0,3.160334812850935,-0.2099162967872662
20002,Creatine Monohydrate Pure 500 g,2026-05,4.0,9.753752177189515,1.4384380442973788
26104,Bottle white/red 1000 ml,2026-05,4.0,3.5446296264049826,-0.11384259339875435
4004,Maltodextrin 100 Pure 900 g,2026-05,4.0,4.316773104941372,0.07919327623534289
4700,Long Energy Berry 1000 g,2026-05,4.0,2.4031663018910274,-0.39920842452724314
6153,Beta Alanine 140 Tabs,2026-05,4.0,2.403068560177474,-0.3992328599556315
7162,Clear Iso Whey Watermelon 450gr,2026-05,4.0,3.3992105138301607,-0.15019737154245982
10750,Crunchy Protein Raspberry 12 x 50 g,2026-05,3.0,1.999871147404971,-0.333376284198343
10752,Crunchy Protein Peanut-Caramel 12 x 50 g,2026-05,3.0,1.4393362018860232,-0.5202212660379922
12125,Lipox Burner Raspberry 110 g,2026-05,3.0,3.4068045179837787,0.1356015059945929
17115,Liquid Energy Ultra 40 x 25 g,2026-05,3.0,0.4065451894870026,-0.8644849368376658
18101,Recovery Drink Strawberry-Banana 20 x 60 g,2026-05,3.0,3.8147942101967587,0.27159807006558623
45203,Immunoguard Blackcurrant 10 x 4 g,2026-05,3.0,3.7574990715368113,0.25249969051227045
12121,Low Carb Burner Wild Berries 20 x 6g,2026-05,2.0,2.142775585132049,0.07138779256602445
13016,Carnitin 1000 Lemon-Elderberry 400 g,2026-05,2.0,1.3587391642933841,-0.3206304178533079
17521,Caffeine Caps 90 Caps,2026-05,2.0,2.0632911559785496,0.03164557798927481
18121,Recovery Drink Strawberry-Banana 1200 g,2026-05,2.0,3.1578391861912483,0.5789195930956241
26005,Bottle pink/silver 500 ml,2026-05,2.0,2.20597730137551,0.10298865068775509
26121,Bottle red/silver 750 ml,2026-05,2.0,1.5493735366313732,-0.2253132316843134
44052,Pre-Workout Booster Apple-Raspberry 256 g,2026-05,2.0,1.5838170100985849,-0.20809149495070756
4500,Carbo Loader Citrus-Orange 1200 g,2026-05,2.0,2.5112164404233313,0.2556082202116656
45005,Relax & Recover Orange-Peach 120g,2026-05,2.0,3.3380534282888714,0.6690267141444357
45207,Glucosamin Chondroitin 180 Tabs,2026-05,2.0,2.809480770865467,0.4047403854327336
45212,Omega-3 Plus Citrus 150 ml,2026-05,2.0,1.3310429080159185,-0.33447854599204074
7707,Vegan Protein Chocolate 480 g,2026-05,2.0,0.44611295854859434,-0.7769435207257028
7716,Senior Protein Chocolate 455 g,2026-05,2.0,0.5315245470223776,-0.7342377264888111
8153,Isotonic Citrus 1000 g,2026-05,2.0,0.4065451894870026,-0.7967274052564988
9302,Power Porridge Apple-Vanilla 840 g,2026-05,2.0,1.5983160914138734,-0.20084195429306329
14218,Oat Pack Creamy Caramel 25 x 50 g,2026-05,1.5,3.853845870657054,1.5692305804380362
4502,Carbo Loader Citrus-Orange 15 x 75 g,2026-05,1.5,2.52265941843688,0.6817729456245866
1309,Sport Biotics 90 caps,2026-05,1.0,1.5464919337470717,0.5464919337470717
17700,Power Gums Fruitmix 20 x 75 g,2026-05,1.0,3.948379611246593,2.948379611246593
26006,Bottle silver/black 500 ml,2026-05,1.0,4.096617636141098,3.096617636141098
26101,Bottle white/red 750 ml,2026-05,1.0,5.563593835312698,4.563593835312698
44071,Red Beet Vinitrox 4 x 60 ml,2026-05,1.0,6.216747266196504,5.216747266196504
44072,Nitroflow Performance 10 x 7 g,2026-05,1.0,4.941084766188959,3.9410847661889594
45225,Lactoferrin 90 Caps,2026-05,1.0,2.7705577827513475,1.7705577827513475
7160,Clear Iso Whey Blueberry 450 gr,2026-05,1.0,3.55467896881984,2.55467896881984
8029,Isotonic Red Orange 20 x 52 g,2026-05,1.0,2.009825268652119,1.009825268652119
8123,Isotonic Red Orange 1000 g,2026-05,1.0,1.0925168818548174,0.09251688185481743
8202,Competition Orange 1000 g,2026-05,1.0,5.268511477367616,4.268511477367616
8206,Competition Fruitmix 1000 g,2026-05,1.0,10.572044021304672,9.572044021304672
8207,Competition Cool Mint 1000 g,2026-05,1.0,5.257008288688654,4.257008288688654
8225,Carbo Fuel Blackcurrant 1000 g,2026-05,1.0,3.433023864848341,2.433023864848341
1015,Electrolytes Fruitmix 10 Tabs,2026-05,0.0,2.1099187732254547,
10755,Protein Crunchy Cookies Cream 15 x 50 g,2026-05,0.0,0.4446067153501424,
10757,Protein Crunchy Strawberry 15 x 50 g,2026-05,0.0,1.8235702864283276,
12132,Electrolytes Lemon 12 x 10 Tabs,2026-05,0.0,1.804820910093356,
1295,Activator 200 Cola-Lemon UNIDAD 25ml,2026-05,0.0,0.4353237232350926,
1297,High Energy Banana 45 g,2026-05,0.0,0.4065451894870026,
1298,High Energy Berry 45 g,2026-05,0.0,0.4065451894870026,
1299,Liquid Energy BCAA Strawberry Banana 70 g,2026-05,0.0,0.45132129062652926,
13014,Carnitin 1000 Red Orange 400 g,2026-05,0.0,1.8146595351948593,
1302,Power Gums Sour 75 g UNIDAD,2026-05,0.0,0.4065451894870026,
1303,Power Gums Fruitmix 75 g UNIDAD,2026-05,0.0,0.4065451894870026,
14210,Oat Pack Macadamia & Chufas 30 x 60 g,2026-05,0.0,0.4065451894870026,
15026,High Energy Salty + Nuts 30 x 45 g,2026-05,0.0,4.641589464463072,
15032,High Energy Berry 30 x 45 g,2026-05,0.0,5.57358359582431,
15045,Energy Balls Salted Caramel 18 x 45 g,2026-05,0.0,2.4528861625860254,
17114,Liquid Energy Plus 40 x 35 g,2026-05,0.0,2.998428057867511,
17143,Liquid Energy Salty 40 x 35 g,2026-05,0.0,3.0470287553933404,
17323,Liquid Energy Plus Cola-Lemon 20 x 70 g,2026-05,0.0,1.9547171679916497,
17505,Mental Focus Grape-Cherry 5 x 25 ml,2026-05,0.0,0.4065451894870026,
17508,Activator 200 Cola-Lemon 30 x 25 ml,2026-05,0.0,4.3947106284818265,
18100,Recovery Drink Strawberry-Banana 6 x 60,2026-05,0.0,0.4065451894870026,
26004,Bottle transparent/red 500 ml,2026-05,0.0,3.6402267554027725,
26007,Bottle red/silver 500 ml,2026-05,0.0,1.523965698157776,
26008,Bottle blue metallic/silver 500 ml,2026-05,0.0,2.6491342938281677,
26009,Bottle black/silver 500 ml,2026-05,0.0,5.7875993447235645,
26010,Bottle pink transparent/silver 500 ml,2026-05,0.0,0.46437408902586513,
26093,Pro bottle 750 ml white/red,2026-05,0.0,0.5715095373475222,
26100,Bottle transparent/red 1000 ml,2026-05,0.0,2.2257488033021677,
26107,Replacement Cap Bottles 500ml / 750ml,2026-05,0.0,0.6617619448418809,
26111,Bottle blue metallic/silver 750 ml,2026-05,0.0,0.45609042996908217,
26117,Bottle orange/silver 750 ml,2026-05,0.0,0.6202416833410428,
26123,Bottle silver/black 750 ml,2026-05,0.0,2.2194128008815124,
26124,Bottle black/silver 750 ml,2026-05,0.0,3.293636737915753,
26127,Bottle transparent/red 750 ml,2026-05,0.0,3.472257274925976,
26141,Bottle cyan blue/orange 750 ml,2026-05,0.0,0.4065451894870026,
26142,Bottle white/gold 750 ml,2026-05,0.0,0.46698588723914003,
26151,Bottle transparent / Hockey Cap 1000 ml,2026-05,0.0,0.5106692329238798,
2621,Cereal Energy Plus Cranberry 15 x 40 g,2026-05,0.0,2.2742289862220733,
3525,Recovery Shake Banana 900 g,2026-05,0.0,2.2122630052379257,
3527,Recovery Shake Vanilla 900 g,2026-05,0.0,2.58909968801238,
44017,Whey Isolate 94 Strawberry 1500 g,2026-05,0.0,0.48534582534777565,
44018,Whey Isolate 94 Vanilla 1500 g,2026-05,0.0,0.4625831735467745,
44019,Whey Isolate 94 Chocolate 1500 g,2026-05,0.0,0.4065451894870026,
44031,Mass Gainer Vanilla 1200 g,2026-05,0.0,0.4065451894870026,
44033,Mass Gainer Chocolate 1200 g,2026-05,0.0,0.9401869325656096,
44056,HMB & Creatine Synergy Pure 320 g,2026-05,0.0,0.482838456024614,
44060,Protein 50 Chocolate 20 x 70 g,2026-05,0.0,0.5370490827556397,
45002,Basic Minerals Citrus 400 g,2026-05,0.0,0.47319615479245297,
45117,Protein Low Carb Choco Brownie 25 x 50 g,2026-05,0.0,1.988796405203917,
45120,Protein Low Carb Mocca White Choco 25 x 50 g,2026-05,0.0,0.5370490827556397,
45215,MCT Oil Neutral 500 ml,2026-05,0.0,1.531200571686195,
4614,Lactat Buffer Lemon 600 g,2026-05,0.0,1.6076005768649455,
4703,Long Energy Citrus 20 x 60 g,2026-05,0.0,1.2981579406972914,
4706,Long Energy Fruitmix 1200 g,2026-05,0.0,2.3373421115009227,
4708,Long Energy Citrus 700 g,2026-05,0.0,0.4801913448310051,
4710,Long Energy Fruit Mix 700 g,2026-05,0.0,0.5501897917076974,
6210,L-Glutamine 350 g,2026-05,0.0,0.6219836069528573,
6304,BCAA Instant Cola 200 g,2026-05,0.0,0.5334822858226809,
6307,BCAA 350 Caps,2026-05,0.0,0.4065451894870026,
7151,Whey Isolate 94 Banana 1500 g,2026-05,0.0,0.4065451894870026,
7152,Whey Isolate 94 Strawberry 1500 g,2026-05,0.0,0.4916090970963415,
7153,Whey Isolate 94 Vanilla 1500 g,2026-05,0.0,0.49335170501635583,
7154,Whey Isolate 94 Chocolate 1500 g,2026-05,0.0,0.5684981324627424,
7706,Vegan Protein Neutral 480 g,2026-05,0.0,0.4065451894870026,
7715,Senior Protein Orange-Yoghurt 455 g,2026-05,0.0,2.137324287000713,
8050,Isotonic Red Orange 500 g,2026-05,0.0,0.4497969182647363,
8118,Isotonic Fruitmix 1000 g,2026-05,0.0,1.9109612451313651,
8154,Isotonic Ice Tea 1000 g,2026-05,0.0,2.309857525371792,
8166,Competition Citrus 400 g,2026-05,0.0,0.4065451894870026,
8168,Competition Fruitmix 400 g,2026-05,0.0,0.5414492607191823,
8169,Competition Raspberry 400 g,2026-05,0.0,0.5141139854902178,
8170,Competition Orange 500 g,2026-05,0.0,0.5046302337811074,
8203,Competition Citrus 1000 g,2026-05,0.0,6.016372496125733,
8208,Tokyo Competition Orange 1000 g,2026-05,0.0,0.4065451894870026,
82080,Premium Plant Protein Vanille 455 g,2026-05,0.0,0.5106692329238798,
8212,Competition Orange 800 g,2026-05,0.0,3.783153909036223,
8216,Competition Fruitmix 800 g,2026-05,0.0,6.057641303550078,
8217,Competition Cool Mint 800 g,2026-05,0.0,3.3066054583611035,
