codigo_producto,skus_asociados,handle,titulo,variante,archivo_imagen,url_origen,ancho_px,alto_px,codigo_producto_norm
17518,17518,activator-200-ampullen-cola-lemon,Activator 200 | Cola-Lemon,Ampoulle (25 ml),17518_1.png,https://cdn.shopify.com/s/files/1/0674/2360/0921/files/Activator-200_Cola-Lemon.png?v=1719384146,2000,2000,17518
17508,17508,activator-200-ampullen-cola-lemon,Activator 200 | Cola-Lemon,Display (30 x 25 ml),17508_2.png,https://cdn.shopify.com/s/files/1/0674/2360/0921/files/Activator-200_Display_Cola-Lemon.png?v=1719384146,2000,2000,17508
17514,17514,activator-200-ampullen-fruit-boost,Activator 200 | Fruit Boost,Ampoule (25 ml),17514_1.png,https://cdn.shopify.com/s/files/1/0674/2360/0921/files/Activator-200_25ml_Fruit-Boost.png?v=1784020420,2000,2000,17514
17504,17504,activator-200-ampullen-fruit-boost,Activator 200 | Fruit Boost,Display (30 x 25 ml),17504_2.png,https://cdn.shopify.com/s/files/1/0674/2360/0921/files/Activator-200_Display_Fruit-Boost_35c687b3-6162-4108-bdf9-d6b6d2d17a61.png?v=1784020433,2000,2000,17504
44023,44023,amino-12500-cherry,Amino 12500 | Cherry,Ampoulle (25 ml),44023_1.png,https://cdn.shopify.com/s/files/1/0674/2360/0921/files/Amino-12500_Cherry.png?v=1719384184,2000,2000,44023
44022,44022,amino-12500-cherry,Amino 12500 | Cherry,Display (30 x 25 ml),44022_2.png,https://cdn.shopify.com/s/files/1/0674/2360/0921/files/Amino-12500_Display_Cherry.png?v=1719384184,2000,2000,44022
44027,44027,amino-eaa-neutral,Amino EAA | Neutral,Jar (140 pce.),44027.png,https://cdn.shopify.com/s/files/1/0674/2360/0921/files/Amino-EAA.png?v=1719384198,2000,2000,44027
29903,29903,bar-test-package,Bar test package,,29903.png,https://cdn.shopify.com/s/files/1/0674/2360/0921/files/Riegel-Testpaket_2026.png?v=1774444048,1000,1000,29903
23501,23501,barrel-15-liter,Barrel 15 liter,,23501.png,https://cdn.shopify.com/s/files/1/0674/2360/0921/products/fass_01_2k_1_2f01a688-6198-44fa-b129-00b5e93dcea6.png?v=1678724066,1000,1000,23501
23502,23502,barrel-30-liter,Barrel 30 liter,,23502.png,https://cdn.shopify.com/s/files/1/0674/2360/0921/products/fass_30l_1_a823133f-c983-475c-aab7-bca0654b725f.png?v=1678724070,1000,1000,23502
45002,45002,basic-minerals-citrus,Basic Minerals | Citrus,,45002_1.png,https://cdn.shopify.com/s/files/1/0674/2360/0921/files/Basic-Minerals_Citrus_a0007429-3c30-431f-93e9-8ea2798c0aa4.png?v=1776419304,2000,2000,45002
45002,45002,basic-minerals-citrus,Basic Minerals | Citrus,,45002_2.png,https://cdn.shopify.com/s/files/1/0674/2360/0921/files/Basic-Minerals_Citrus_back.png?v=1776419316,2000,2000,45002
06307,06307,bcaa-capsules,BCAA Capsules,Jar (350 pce.),06307.png,https://cdn.shopify.com/s/files/1/0674/2360/0921/files/BCAA_Caps.png?v=1783067891,2000,2000,6307
06304,06304,bcaa-instant-cola,BCAA Instant | Cola,Jar (200 g),06304.png,https://cdn.shopify.com/s/files/1/0674/2360/0921/files/BCAA-Instant_Cola.png?v=1719384449,2000,2000,6304
06305,06305,bcaa-instant-neutral,BCAA Instant | Neutral,,06305.png,https://cdn.shopify.com/s/files/1/0674/2360/0921/files/BCAA-Instant_Pure_2bc4de50-3d6c-40e7-8ba4-9fb5730b3e74.png?v=1781084356,2000,2000,6305
06153,06153,beta-alanine-neutral,Beta Alanine | Neutral,Jar (140 pce.),06153.png,https://cdn.shopify.com/s/files/1/0674/2360/0921/files/Beta-Alanine_12a8cae5-8ab4-4e04-8346-98ce24c42864.png?v=1768314295,2000,2000,6153
04622,04622,bicarb-caps,Bicarb Caps,Jar (300 caps),04622_1.png,https://cdn.shopify.com/s/files/1/0674/2360/0921/files/Bicarb-Caps.png?v=1765451835,2000,2000,4622
04622,04622,bicarb-caps,Bicarb Caps,,04622_2.png,https://cdn.shopify.com/s/files/1/0674/2360/0921/files/Bicarb-Caps_back.png?v=1777016182,2000,2000,4622
04615,04615,bicarb-plus-drink-lemon,Bicarb Plus Drink | Lemon,,04615.png,https://cdn.shopify.com/s/files/1/0674/2360/0921/files/2026-07-17_Bicarb-Plus-Drink_Hinweis_Namensaenderung_EN.png?v=1784272243,2000,2000,4615
44054,44054,body-shaper-raspberry,Body Shaper | Raspberry,Jar (187 g),44054.png,https://cdn.shopify.com/s/files/1/0674/2360/0921/files/Body-Shaper_Raspberry.png?v=1719384482,2000,2000,44054
26104,26104;26100,bottle-1000ml,Bottle 1000 ml,,26104.png,https://cdn.shopify.com/s/files/1/0674/2360/0921/products/kombination_e_voransicht_2k_1_f1c7b859-4212-4406-838b-b982b266f5cc.png?v=1678724068,1000,1000,26104
26306,26306,bottle-330ml,Bottle 330 ml,pearl white / red,26306_1.png,https://cdn.shopify.com/s/files/1/0674/2360/0921/files/Bidon_330ml_perlweiss-rot.png?v=1692610057,2000,2000,26306
26309,26309,bottle-330ml,Bottle 330 ml,wild animals,26309_2.png,https://cdn.shopify.com/s/files/1/0674/2360/0921/products/bidon_kinder_wildtiere_1_6b51550e-09e7-414a-a718-dada47c6443d.png?v=1692610057,1000,1000,26309
26001,26001,bottle-500ml,Bottle 500ml,white / red,26001_1.png,https://cdn.shopify.com/s/files/1/0674/2360/0921/files/Bidon_500ml_weiss-rot.png?v=1714379617,2000,2000,26001
26004,26004,bottle-500ml,Bottle 500ml,transparent / red,26004_2.png,https://cdn.shopify.com/s/files/1/0674/2360/0921/files/Bidon_500ml_transparent-rot-rot.png?v=1714379617,2000,2000,26004
26005,26005,bottle-500ml,Bottle 500ml,pink / silver,26005_3.png,https://cdn.shopify.com/s/files/1/0674/2360/0921/files/Bidon_500ml_pink-silber.png?v=1714379617,2000,2000,26005
26101,26101;26127;26121;26124;26142;26123;26157;26156;26155;26111;26153;26154;26158;26159;26160,bottle-750ml,Bottle 750ml,,26101_1.webp,https://cdn.shopify.com/s/files/1/0674/2360/0921/files/Bidon_750ml.webp?v=1739876778,2000,2000,26101
26101,26101,bottle-750ml,Bottle 750ml,white / red,26101_2.png,https://cdn.shopify.com/s/files/1/0674/2360/0921/products/Bidon_750ml_weiss-rot_a64d96ab-85b9-47f8-b1af-b7a427299852.png?v=1739876778,2000,2000,26101
26127,26127,bottle-750ml,Bottle 750ml,transparent / red,26127_3.png,https://cdn.shopify.com/s/files/1/0674/2360/0921/files/Bidon_750ml_transparent-rot-rot.png?v=1739876778,2000,2000,26127
26153,26153,bottle-750ml,Bottle 750ml,turquoise / white,26153_4.png,https://cdn.shopify.com/s/files/1/0674/2360/0921/products/Bidon_750ml_tuerkis-weiss_015984cb-4692-4b7b-86bb-9a3f47514a17.png?v=1739876778,2000,2000,26153
26154,26154,bottle-750ml,Bottle 750ml,coral / mint,26154_5.png,https://cdn.shopify.com/s/files/1/0674/2360/0921/products/Bidon_750ml_koralle-mint_d1d58c64-5f6f-4c69-a4aa-89cdbfc13003.png?v=1739876778,2000,2000,26154
26160,26160,bottle-750ml,Bottle 750ml,light yellow / grey,26160_6.png,https://cdn.shopify.com/s/files/1/0674/2360/0921/files/Bidon_750ml_gelb-anthrazit.png?v=1739876778,2000,2000,26160
26159,26159,bottle-750ml,Bottle 750ml,green transparent / anthracite,26159_7.png,https://cdn.shopify.com/s/files/1/0674/2360/0921/files/Bidon_750ml_gruen-transparent-grau-metallic.png?v=1739876778,2000,2000,26159
26157,26157,bottle-750ml,Bottle 750ml,grey / pink,26157_8.png,https://cdn.shopify.com/s/files/1/0674/2360/0921/products/Bidon_750ml_grau-rosa_27a86d21-a2e2-4d6e-9737-422c8d764d63.png?v=1739876778,2000,2000,26157
26155,26155,bottle-750ml,Bottle 750ml,olive green / black,26155_9.png,https://cdn.shopify.com/s/files/1/0674/2360/0921/products/Bidon_750ml_olivgruen-schwarz_1a7b01a5-830e-4694-88f8-4eabf6155733.png?v=1739876778,2000,2000,26155
26156,26156,bottle-750ml,Bottle 750ml,lavender metallic / purple,26156_10.png,https://cdn.shopify.com/s/files/1/0674/2360/0921/products/Bidon_750ml_lavendel-metallic-violett_4b8b197d-71a4-4756-8e86-e6576ec4188e.png?v=1739876778,2000,2000,26156
26158,26158,bottle-750ml,Bottle 750ml,dark blue / white,26158_11.png,https://cdn.shopify.com/s/files/1/0674/2360/0921/files/Bidon_750ml_dunkelblau-weiss.png?v=1739876778,2000,2000,26158
26121,26121,bottle-750ml,Bottle 750ml,red / silver,26121_12.png,https://cdn.shopify.com/s/files/1/0674/2360/0921/products/Bidon_750ml_rot-silber_07921e51-427a-4c3b-8067-c2410e8ee6fc.png?v=1739876778,2000,2000,26121
26142,26142,bottle-750ml,Bottle 750ml,white / gold,26142_13.png,https://cdn.shopify.com/s/files/1/0674/2360/0921/products/Bidon_750ml_weiss-gold_a406ca02-32ea-40db-91f6-c6270fbfc59f.png?v=1739876778,2000,2000,26142
26123,26123,bottle-750ml,Bottle 750ml,silver / black,26123_14.png,https://cdn.shopify.com/s/files/1/0674/2360/0921/products/Bidon_750ml_silber-schwarz_1372693b-fd36-480a-925b-424c35bc5adf.png?v=1739876778,2000,2000,26123
26111,26111,bottle-750ml,Bottle 750ml,blue metallic / silver,26111_15.png,https://cdn.shopify.com/s/files/1/0674/2360/0921/products/Bidon_750ml_blau-metallic-silber_115145c4-4bab-475f-b219-71b9ea3a0ccc.png?v=1739876778,2000,2000,26111
26124,26124,bottle-750ml,Bottle 750ml,black / silver,26124_16.png,https://cdn.shopify.com/s/files/1/0674/2360/0921/products/Bidon_750ml_schwarz-silber_d27d98b4-02bc-44c3-a1ce-7b7c90b6d29b.png?v=1739876778,2000,2000,26124
22501,22501,bottle-holder,Bottle-holder,10er (without bottles),22501.png,https://cdn.shopify.com/s/files/1/0674/2360/0921/products/bidonhalter_10er_1_322220b1-60a6-43b8-89ce-cd96c242c4bd.png?v=1678724071,1000,1000,22501
17521,17521,caffeine-caps,Caffeine Caps,Jar (90 pce.),17521_1.png,https://cdn.shopify.com/s/files/1/0674/2360/0921/files/Caffeine-Caps_4ed6bf33-6c31-4557-ad66-b7425323f42e.png?v=1786453916,2000,2000,17521
17521,17521,caffeine-caps,Caffeine Caps,,17521_2.png,https://cdn.shopify.com/s/files/1/0674/2360/0921/files/Caffeine-Caps_back.png?v=1786453928,2000,2000,17521
25000,25000,cap-with-a-net-1,Sponser Cap Pro,black,25000_1.png,https://cdn.shopify.com/s/files/1/0674/2360/0921/files/Sponser_Cap_PRO_schwarz.png?v=1766044403,2000,2000,25000
25002,25002,cap-with-a-net-1,Sponser Cap Pro,white,25002_2.png,https://cdn.shopify.com/s/files/1/0674/2360/0921/files/Sponser_Cap_PRO_weiss.png?v=1766044402,2000,2000,25002
25000,25000;25002,cap-with-a-net-1,Sponser Cap Pro,,25000_3.jpg,https://cdn.shopify.com/s/files/1/0674/2360/0921/files/SPONSER_CapPro_Square_Mood_2026dk.jpg?v=1773123468,1080,1080,25000
08226,08226,carbo-fuel-natural-blackcurrant,Carbo Fuel | Natural Blackcurrant,Sachet (83 g),08226_1.png,https://cdn.shopify.com/s/files/1/0674/2360/0921/files/Carbo-Fuel_Sachet.png?v=1750784776,2000,2000,8226
08227,08227,carbo-fuel-natural-blackcurrant,Carbo Fuel | Natural Blackcurrant,Display (10 x 83 g),08227_2.png,https://cdn.shopify.com/s/files/1/0674/2360/0921/files/Carbo-Fuel_Display.png?v=1751295781,2000,2000,8227
08225,08225,carbo-fuel-natural-blackcurrant,Carbo Fuel | Natural Blackcurrant,Jar (1000 g),08225_3.png,https://cdn.shopify.com/s/files/1/0674/2360/0921/files/Carbo-Fuel_Natural-Blackcurrant.png?v=1761201085,2000,2000,8225
17422,17422,carbo-hydrogel-mint,Carbo Hydrogel | Mint,Sachet (60 g),17422_1.png,https://cdn.shopify.com/s/files/1/0674/2360/0921/files/Carbo_Hydrogel_Mint.png?v=1750861660,2000,2000,17422
17423,17423,carbo-hydrogel-mint,Carbo Hydrogel | Mint,Display (20 x 60 g),17423_2.png,https://cdn.shopify.com/s/files/1/0674/2360/0921/files/Carbo-Hydrogel_Display_Mint.png?v=1750861672,2000,2000,17423
17420,17420,carbo-hydrogel-neutral,Carbo Hydrogel | Neutral,Sachet (60 g),17420_1.png,https://cdn.shopify.com/s/files/1/0674/2360/0921/files/Carbo_Hydrogel_Neutral.png?v=1750844324,2000,2000,17420
17420,17420;17421,carbo-hydrogel-neutral,Carbo Hydrogel | Neutral,,17420_2.jpg,https://cdn.shopify.com/s/files/1/0674/2360/0921/files/SPONSER_Hydrogel_Neutral_1_Square_Mood_2026dk.jpg?v=1773123319,1080,1080,17420
17421,17421,carbo-hydrogel-neutral,Carbo Hydrogel | Neutral,Display (20 x 60 g),17421_3.png,https://cdn.shopify.com/s/files/1/0674/2360/0921/files/Carbo-Hydrogel_Display_Neutral.png?v=1773123319,2000,2000,17421
04500,04500,carbo-loader-citrus-orange,Carbo Loader | Citrus-Orange,Jar (1200 g),04500_1.png,https://cdn.shopify.com/s/files/1/0674/2360/0921/files/Carbo-Loader_Citrus-Orange_9abbff47-6f5f-44cf-a00c-c0d5eb8e2c4d.png?v=1779175367,2000,2000,4500
04503,04503,carbo-loader-citrus-orange,Carbo Loader | Citrus-Orange,Sachet (75 g),04503_2.png,https://cdn.shopify.com/s/files/1/0674/2360/0921/files/Carbo-Loader_Sachet_Citrus-Orange_f578f8a9-9b61-4d7e-a858-4be698294459.png?v=1768214381,2000,2000,4503
04502,04502,carbo-loader-citrus-orange,Carbo Loader | Citrus-Orange,Display (15 x 75g),04502_3.png,https://cdn.shopify.com/s/files/1/0674/2360/0921/files/Carbo-Loader_Display_Citrus-Orange.png?v=1779172281,2000,2000,4502
44075,44075,carnipure-neutral,Carnipure | Neutral,Jar (150 g),44075_1.png,https://cdn.shopify.com/s/files/1/0674/2360/0921/files/Carnipure_9cea6aa3-6a77-479b-a9de-de6c1752b5a4.png?v=1776861921,2000,2000,44075
44075,44075,carnipure-neutral,Carnipure | Neutral,,44075_2.png,https://cdn.shopify.com/s/files/1/0674/2360/0921/files/Carnipure_back.png?v=1776861928,2000,2000,44075
17511,17511,carnitine-1000-ampulle-peach,Carnitine 1000 Ampulle | Peach,Ampoulle (25 ml),17511_1.png,https://cdn.shopify.com/s/files/1/0674/2360/0921/files/Carnitin-1000_Peach.png?v=1721905068,2000,2000,17511
17501,17501,carnitine-1000-ampulle-peach,Carnitine 1000 Ampulle | Peach,Display (30 x 25 ml),17501_2.png,https://cdn.shopify.com/s/files/1/0674/2360/0921/files/Carnitin-1000_Display_Peach.png?v=1721905068,2000,2000,17501
13016,13016,carnitine-1000-lemon-elderberry,Carnitine 1000 | Lemon-Elderberry,Jar (400 g),13016.png,https://cdn.shopify.com/s/files/1/0674/2360/0921/files/Carnitine-1000_400g_Lemon-Elderberry.png?v=1781257203,2000,2000,13016
13014,13014,carnitine-1000-red-orange,Carnitine 1000 | Red Orange,Jar (400 g),13014.png,https://cdn.shopify.com/s/files/1/0674/2360/0921/files/Carnitine-1000-Mineral-drink_Red-Orange.png?v=1775555389,2000,2000,13014
02722,02722,cereal-energy-bar-strawberry,Cereal Energy Bar | Strawberry,Bar (40 g),02722_1.png,https://cdn.shopify.com/s/files/1/0674/2360/0921/files/Cereal-Energy_40g_Strawberry.png?v=1765191546,2000,2000,2722
02721,02721,cereal-energy-bar-strawberry,Cereal Energy Bar | Strawberry,Display (20 x 40 g),02721_2.png,https://cdn.shopify.com/s/files/1/0674/2360/0921/files/Cereal-Energy_Display_Strawberry.png?v=1765191547,2000,2000,2721
02622,02622,cereal-energy-plus-cranberry,Cereal Energy Plus | Cranberry,Bar (40 g),02622_1.png,https://cdn.shopify.com/s/files/1/0674/2360/0921/files/Cereal-Energy-Plus_40g_Cranberry.png?v=1783415086,2000,2000,2622
02621,02621,cereal-energy-plus-cranberry,Cereal Energy Plus | Cranberry,Display (15 x 40 g),02621_2.png,https://cdn.shopify.com/s/files/1/0674/2360/0921/files/Cereal-Energy-Plus_Display_Cranberry_d2f714d7-66c0-427c-ba58-d1a8421a2189.png?v=1783415100,2000,2000,2621
07160,07160,clear-iso-whey-blueberry,Clear Iso Whey | Blueberry,Bag (450 g),07160.png,https://cdn.shopify.com/s/files/1/0674/2360/0921/files/Clear-Iso-Whey_Blueberry_63260449-f133-43e3-9d5c-2536230f9c0e.png?v=1778057399,2000,2000,7160
07163,07163,clear-iso-whey-ice-tea-peach,Clear Iso Whey | Ice Tea Peach,Bag (450 g),07163.png,https://cdn.shopify.com/s/files/1/0674/2360/0921/files/Clear-Iso-Whey_Ice-Tea-Peach.png?v=1784713380,2000,2000,7163
07161,07161,clear-iso-whey-orange-yuzu,Clear Iso Whey | Orange-Yuzu,Bag (450 g),07161.png,https://cdn.shopify.com/s/files/1/0674/2360/0921/files/Clear-Iso-Whey_Orange-Yuzu_9113da6c-3682-4ca5-8005-3d52ee3085d5.png?v=1780575795,2000,2000,7161
07162,07162,clear-iso-whey-watermelon,Clear Iso Whey | Watermelon,Bag (450 g),07162_1.png,https://cdn.shopify.com/s/files/1/0674/2360/0921/files/Clear-Iso-Whey_Watermelon_466cc84d-1191-459c-94b9-f640b92ed0a4.png?v=1766415940,2000,2000,7162
07162,07162,clear-iso-whey-watermelon,Clear Iso Whey | Watermelon,,07162_2.jpg,https://cdn.shopify.com/s/files/1/0674/2360/0921/files/SPONSER_ClearIsoWhey_Watermelon_Square_Mood_2026dk.jpg?v=1773123438,1080,1080,7162
45230,45230,collagen-hydrolysate-neutral,Collagen Hydrolysate | Neutral,Jar (300 g),45230_1.png,https://cdn.shopify.com/s/files/1/0674/2360/0921/files/Collagen-Hydrolysate_Pure_cd8d00ca-2515-4380-bb83-e653655e4e96.png?v=1770972723,2000,2000,45230
45235,45235,collagen-hydrolysate-neutral,Collagen Hydrolysate | Neutral,Beutel (700 g),45235_2.png,https://cdn.shopify.com/s/files/1/0674/2360/0921/files/Collagen-Hydrolysate_700g_Neutral.png?v=1784118470,2000,2000,45235
45231,45231,collagen-hydrolysate-peach,Collagen Hydrolysate | Peach,Jar (300 g),45231_1.png,https://cdn.shopify.com/s/files/1/0674/2360/0921/files/Collagen-Hydrolysate_Peach.png?v=1761142596,2000,2000,45231
45231,45231,collagen-hydrolysate-peach,Collagen Hydrolysate | Peach,,45231_2.jpg,https://cdn.shopify.com/s/files/1/0674/2360/0921/files/SPONSER_CollagenHydrolysate_Peach_Square_Mood_2026dk.jpg?v=1773123411,1080,1080,45231
29917,29917,competition-bundle,Cmpetition bundle,,29917.webp,https://cdn.shopify.com/s/files/1/0674/2360/0921/files/CompetitionBundle.webp?v=1784036608,2000,2000,29917
08203,08203,competition-citrus,Competition® | Citrus,Jar (1000 g),08203_1.png,https://cdn.shopify.com/s/files/1/0674/2360/0921/files/Competition_Citrus_2025.png?v=1758865870,2000,2000,8203
08213,08213,competition-citrus,Competition® | Citrus,Refill bag (800 g),08213_2.png,https://cdn.shopify.com/s/files/1/0674/2360/0921/files/Competition_Beutel_Citrus.png?v=1761897706,2000,2000,8213
08207,08207,competition-cool-mint,Competition® | Cool Mint,Jar (1000 g),08207_1.png,https://cdn.shopify.com/s/files/1/0674/2360/0921/files/Competition_1000g_Cool-Mint.png?v=1785159386,2000,2000,8207
08217,08217,competition-cool-mint,Competition® | Cool Mint,Refill bag (800 g),08217_2.png,https://cdn.shopify.com/s/files/1/0674/2360/0921/files/Competition_Beutel_Cool-Mint.png?v=1761897698,2000,2000,8217
08206,08206;08216,competition-fruit-mix,Competition® | Fruit Mix,,08206_1.png,https://cdn.shopify.com/s/files/1/0674/2360/0921/files/Competition_1000g_Fruit-Mix.png?v=1769588741,2000,2000,8206
08216,08216,competition-fruit-mix,Competition® | Fruit Mix,Refill bag (800 g),08216_2.png,https://cdn.shopify.com/s/files/1/0674/2360/0921/files/Competition_Beutel_Fruit-Mix.png?v=1769588741,2000,2000,8216
08202,08202,competition-orange,Competition® | Orange,Jar (1000 g),08202_1.png,https://cdn.shopify.com/s/files/1/0674/2360/0921/files/Competition_1000g_Orange.png?v=1767970204,2000,2000,8202
08202,08202;08212;08221;08222,competition-orange,Competition® | Orange,,08202_2.jpg,https://cdn.shopify.com/s/files/1/0674/2360/0921/files/SPONSER_Competition_Orange_Square_Mood_2026dk.jpg?v=1773123386,1080,1080,8202
08212,08212,competition-orange,Competition® | Orange,Refill bag (800 g),08212_3.png,https://cdn.shopify.com/s/files/1/0674/2360/0921/files/Competition_Beutel_Orange.png?v=1773123386,2000,2000,8212
08221,08221,competition-orange,Competition® | Orange,Sachet (60 g),08221_4.png,https://cdn.shopify.com/s/files/1/0674/2360/0921/files/Competition_60g_Orange.png?v=1773123386,2000,2000,8221
08222,08222,competition-orange,Competition® | Orange,Display (20 x 60 g),08222_5.png,https://cdn.shopify.com/s/files/1/0674/2360/0921/files/Competition_20x60g_Orange.png?v=1784269335,2000,2000,8222
08205,08205,competition-raspberry,Competition® | Raspberry,Jar (1000 g),08205_1.png,https://cdn.shopify.com/s/files/1/0674/2360/0921/files/Competition_1000g_Raspberry.png?v=1765358595,2000,2000,8205
08215,08215,competition-raspberry,Competition® | Raspberry,Refill bag (800 g),08215_2.png,https://cdn.shopify.com/s/files/1/0674/2360/0921/files/Competition_Beutel_Raspberry.png?v=1765358595,2000,2000,8215
20002,20002,creatine-monohydrate,Creatine Monohydrate | Neutral,Jar (500 g),20002_1.png,https://cdn.shopify.com/s/files/1/0674/2360/0921/files/Creatine-Monohydrate_500g_Pure.png?v=1764314180,2000,2000,20002
20002,20002,creatine-monohydrate,Creatine Monohydrate | Neutral,,20002_2.jpg,https://cdn.shopify.com/s/files/1/0674/2360/0921/files/SPONSER_CreatineMonohydrate_Square_Mood_2026dk.jpg?v=1773123348,1080,1080,20002
20005,20005,creatine-monohydrate-neutral-280-g,Creatine Monohydrate | Neutral,Dose (280 g),20005_1.png,https://cdn.shopify.com/s/files/1/0674/2360/0921/files/Creatine-Monohydrate_280g_Pure.png?v=1776234501,2000,2000,20005
20005,20005,creatine-monohydrate-neutral-280-g,Creatine Monohydrate | Neutral,,20005_2.png,https://cdn.shopify.com/s/files/1/0674/2360/0921/files/Creatine-Monohydrate_280g_Pure_back.png?v=1779364821,2000,2000,20005
44055,44055,creatine-pyrumax-neutral,Creatine Pyrumax | Neutral,Jar (280 pce.),44055_1.png,https://cdn.shopify.com/s/files/1/0674/2360/0921/files/Creatine-PyruMax_Caps.png?v=1784187507,2000,2000,44055
44055,44055,creatine-pyrumax-neutral,Creatine Pyrumax | Neutral,,44055_2.png,https://cdn.shopify.com/s/files/1/0674/2360/0921/files/Creatine-PyruMax_Caps_back.png?v=1786623121,2000,2000,44055
21012,21012,cross-country-skiing-belt-1,Pro cross-country skiing belt,,21012.png,https://cdn.shopify.com/s/files/1/0674/2360/0921/files/Pro-Langlaufgurt.png?v=1764840957,2000,2000,21012
10761,10761,crunchy-protein-chocolate-banana,Crunchy Protein | Chocolate-Banana,Bar (55 g),10761_1.png,https://cdn.shopify.com/s/files/1/0674/2360/0921/files/Crunchy-Protein_55g_Chocolate-Banana_5852aa18-af6a-4680-8f72-01ea561c0219.png?v=1768899546,2000,2000,10761
10762,10762,crunchy-protein-chocolate-banana,Crunchy Protein | Chocolate-Banana,Display (15 x 55 g),10762_2.png,https://cdn.shopify.com/s/files/1/0674/2360/0921/files/Crunchy-Protein_Display_Chocolate-Banana_0c37f743-0597-4411-aebb-d5e759e3914a.png?v=1768899579,2000,2000,10762
10753,10753,crunchy-protein-peanut-caramel,Crunchy Protein | Peanut-Caramel,Bar (50 g),10753_1.png,https://cdn.shopify.com/s/files/1/0674/2360/0921/files/Crunchy-Protein_50g_Peanut-Caramel.png?v=1774424462,2000,2000,10753
10752,10752,crunchy-protein-peanut-caramel,Crunchy Protein | Peanut-Caramel,Display (12 x 50 g),10752_2.png,https://cdn.shopify.com/s/files/1/0674/2360/0921/files/Crunchy-Protein_Display_Peanut-Caramel.png?v=1774424462,2000,2000,10752
10751,10751,crunchy-protein-raspberry,Crunchy Protein | Raspberry,Bar (50 g),10751_1.png,https://cdn.shopify.com/s/files/1/0674/2360/0921/files/Crunchy-Protein_50g_Raspberry.png?v=1770970775,2000,2000,10751
10750,10750,crunchy-protein-raspberry,Crunchy Protein | Raspberry,Display (12 x 50 g),10750_2.png,https://cdn.shopify.com/s/files/1/0674/2360/0921/files/Crunchy-Protein_Display_Raspberry.png?v=1770970775,2000,2000,10750
45006,45006,daily-greens,Daily Greens,Jar (90 pce.),45006_1.png,https://cdn.shopify.com/s/files/1/0674/2360/0921/files/Daily-Greens_49532320-74f5-4983-b7f9-fdd4c9e19f75.png?v=1752140347,2615,2615,45006
29905,29905,daily-greens,Daily Greens,3 month box (4 x jar (90 capsules)),29905_2.png,https://cdn.shopify.com/s/files/1/0674/2360/0921/files/2xDaily-Greens.png?v=1752158791,2000,2000,29905
29907,29907,daily-greens,Daily Greens,6 month box (4 x jar (90 capsules)),29907_3.png,https://cdn.shopify.com/s/files/1/0674/2360/0921/files/4xDaily-Greens.png?v=1752158798,2000,2000,29907
44034,44034,eaa-instant-green-apple,EAA Instant | Green Apple,Jar (300 g),44034.png,https://cdn.shopify.com/s/files/1/0674/2360/0921/files/EAA-Instant_Green-Apple_83d83dd6-cf5b-4565-93b9-3c02eebc1745.png?v=1767865787,2000,2000,44034
12139,12139,electrolytes-cherry,Electrolytes | Cherry,10 Tabs à 4.5 g,12139_1.png,https://cdn.shopify.com/s/files/1/0674/2360/0921/files/Electrolytes_Tabs_Cherry.png?v=1770368580,2000,2000,12139
12138,12138,electrolytes-cherry,Electrolytes | Cherry,Display (12 x 10 Tabs à 4.5 g),12138_2.png,https://cdn.shopify.com/s/files/1/0674/2360/0921/files/Electrolytes_Display_Cherry_aa676ce7-b205-4f6f-9d55-931cb9c5066c.png?v=1770368580,2000,2000,12138
12140,12140,electrolytes-pure,Electrolytes Pure,Jar (200 g),12140_1.png,https://cdn.shopify.com/s/files/1/0674/2360/0921/files/Electrolytes-Pure.png?v=1770281802,2000,2000,12140
12140,12140,electrolytes-pure,Electrolytes Pure,,12140_2.png,https://cdn.shopify.com/s/files/1/0674/2360/0921/files/Electrolytes-Pure_back.png?v=1775045293,2000,2000,12140
12136,12136,electrolytes-tabs-berry,Electrolytes | Berry,Display (12 x 10 Tabs à 4.5 g),12136_1.png,https://cdn.shopify.com/s/files/1/0674/2360/0921/files/Electrolytes_Tabs_Berry.png?v=1773309142,2000,2000,12136
12137,12137,electrolytes-tabs-berry,Electrolytes | Berry,10 Tabs à 4.5 g,12137_2.png,https://cdn.shopify.com/s/files/1/0674/2360/0921/files/Electrolytes_Display_Berry_7948d61d-f1e7-4fc2-b4c8-af2803d64f93.png?v=1773309150,2000,2000,12137
12131,12131,electrolytes-tabs-fruit-mix,Electrolytes | Fruit Mix,10 Tabs à 4.5 g,12131_1.png,https://cdn.shopify.com/s/files/1/0674/2360/0921/files/Electrolytes_Tabs_Fruit-Mix.png?v=1782204868,2000,2000,12131
12130,12130,electrolytes-tabs-fruit-mix,Electrolytes | Fruit Mix,Display (12 x 10 Tabs à 4.5 g),12130_2.png,https://cdn.shopify.com/s/files/1/0674/2360/0921/files/Electrolytes_Display_Fruit-Mix.png?v=1781679852,2000,2000,12130
12133,12133,electrolytes-tabs-lemon,Electrolytes | Lemon,10 Tabs à 4.5 g,12133_1.png,https://cdn.shopify.com/s/files/1/0674/2360/0921/files/Electrolytes_Tabs_Lemon.png?v=1771237872,2000,2000,12133
12132,12132,electrolytes-tabs-lemon,Electrolytes | Lemon,Display (12 x 10 Tabs à 4.5 g),12132_2.png,https://cdn.shopify.com/s/files/1/0674/2360/0921/files/Electrolytes_Display_Lemon_b71b61be-27d6-4b27-aaa7-6afc587469ed.png?v=1771237872,2000,2000,12132
12135,12135,electrolytes-tabs-red-orange,Electrolytes | Red Orange,10 Tabs à 4.5 g,12135_1.png,https://cdn.shopify.com/s/files/1/0674/2360/0921/files/Electrolytes_Tabs_Red-Orange.png?v=1772200718,2000,2000,12135
12134,12134,electrolytes-tabs-red-orange,Electrolytes | Red Orange,Display (12 x 10 Tabs à 4.5 g),12134_2.png,https://cdn.shopify.com/s/files/1/0674/2360/0921/files/Electrolytes_Display_Red-Orange_a5d03639-ddc7-4074-a902-919e3cf5999a.png?v=1772200550,2000,2000,12134
15040,15040,energy-balls-blueberry,Energy Balls | Blueberry,Sachet (45 g),15040_1.png,https://cdn.shopify.com/s/files/1/0674/2360/0921/files/Energy-Balls_Blueberry_81fda4a6-64f2-4eb9-a3c3-dbe23a39b9c5.png?v=1726661919,2000,2000,15040
15041,15041,energy-balls-blueberry,Energy Balls | Blueberry,Display (18 x 45 g),15041_2.png,https://cdn.shopify.com/s/files/1/0674/2360/0921/files/Energy-Balls_Display_Blueberry02.png?v=1778655051,2000,2000,15041
15042,15042,energy-balls-mango,Energy Balls | Mango,Sachet (45 g),15042_1.png,https://cdn.shopify.com/s/files/1/0674/2360/0921/files/Energy-Balls_Mango.png?v=1726665605,2000,2000,15042
15043,15043,energy-balls-mango,Energy Balls | Mango,Display (18 x 45 g),15043_2.png,https://cdn.shopify.com/s/files/1/0674/2360/0921/files/Energy-Balls_Display_Mango_afc0eedf-c14d-4fa0-aaf3-b11eeb76a6b8.png?v=1787323991,2000,2000,15043
15044,15044,energy-balls-salted-caramel,Energy Balls | Salted Caramel,Sachet (45 g),15044_1.png,https://cdn.shopify.com/s/files/1/0674/2360/0921/files/Energy-Balls_Salted-Caramel.png?v=1726667146,2000,2000,15044
15045,15045,energy-balls-salted-caramel,Energy Balls | Salted Caramel,Display (18 x 45 g),15045_2.png,https://cdn.shopify.com/s/files/1/0674/2360/0921/files/Energy-Balls_Display_Salted-Caramel02.png?v=1780658664,2000,2000,15045
29909,29909,gesundheitsbox,Health box,3 month box (6 x Omega-3 & 2 x Daily Greens),29909_1.png,https://cdn.shopify.com/s/files/1/0674/2360/0921/files/Bundle_Gesundheitsbox_01.png?v=1786623303,1000,1000,29909
29910,29910,gesundheitsbox,Health box,6 month box (12 x Omega-3 & 4 x Daily Green),29910_2.png,https://cdn.shopify.com/s/files/1/0674/2360/0921/files/Bundle_Gesundheitsbox_02.png?v=1786623316,1000,1000,29910
45207,45207,glucosamin-chondroitin-msm,Glucosamin Chondroitin + MSM,Jar (180 pce.),45207.png,https://cdn.shopify.com/s/files/1/0674/2360/0921/files/Glucosamine-Chondroitin.png?v=1766493897,2000,2000,45207
15031,15031,high-energy-bar-apricot-vanilla,High Energy Bar | Apricot-Vanilla,Bars (45 g),15031_1.png,https://cdn.shopify.com/s/files/1/0674/2360/0921/files/High-Energy_Apricot-Vanilla.png?v=1719386833,2000,2000,15031
15030,15030,high-energy-bar-apricot-vanilla,High Energy Bar | Apricot-Vanilla,Display (30 x 45 g),15030_2.png,https://cdn.shopify.com/s/files/1/0674/2360/0921/files/High-Energy_Display_Apricot-Vanilla02.png?v=1770043897,2000,2000,15030
15035,15035,high-energy-bar-banana,High Energy Bar | Banana,Bars (45 g),15035_1.png,https://cdn.shopify.com/s/files/1/0674/2360/0921/files/High-Energy_Banana.png?v=1719386855,2000,2000,15035
15034,15034,high-energy-bar-banana,High Energy Bar | Banana,Display (30 x 45 g),15034_2.png,https://cdn.shopify.com/s/files/1/0674/2360/0921/files/High-Energy_Display_Banana02.png?v=1774594486,2000,2000,15034
15033,15033,high-energy-bar-berry,High Energy Bar | Berry,Bars (45 g),15033_1.png,https://cdn.shopify.com/s/files/1/0674/2360/0921/files/High-Energy_45g_Berry.png?v=1771516058,2000,2000,15033
15032,15032,high-energy-bar-berry,High Energy Bar | Berry,Display (30 x 45 g),15032_2.png,https://cdn.shopify.com/s/files/1/0674/2360/0921/files/High-Energy_Display_Berry.png?v=1781853323,2000,2000,15032
15027,15027,high-energy-bar-salty-nuts,High Energy Bar | Salty-Nuts,Bars (45 g),15027_1.png,https://cdn.shopify.com/s/files/1/0674/2360/0921/files/High-Energy_Salty-Nuts.png?v=1719386891,2000,2000,15027
15026,15026,high-energy-bar-salty-nuts,High Energy Bar | Salty-Nuts,Display (30 x 45 g),15026_2.png,https://cdn.shopify.com/s/files/1/0674/2360/0921/files/High-Energy_Display_Salty-Nuts02.png?v=1770734983,2000,2000,15026
44056,44056,hmb-creatine-synergy-neutral,HMB & Creatine Synergy | Neutral,Jar (320 g),44056.png,https://cdn.shopify.com/s/files/1/0674/2360/0921/files/HMB-Creatine-Synergy_Pure_17270fc2-753b-4485-886f-cab347cb2390.png?v=1770973405,2000,2000,44056
,,hockey-bidon,Hockey bottle,,hockey-bidon.png,https://cdn.shopify.com/s/files/1/0674/2360/0921/files/034fa06d9f464a3894146fc26b8ba975_3f815911-b68c-4594-84d9-d703cc5c215a.png?v=1771838693,1000,1000,
26108,26108,hockey-cap,Hockey cap,,26108.png,https://cdn.shopify.com/s/files/1/0674/2360/0921/products/bidon_nuggiaufsatz_2k_1_bd2a0b05-80fe-4eb9-8c91-63a00ccd35e5.png?v=1678724063,1000,1000,26108
08230,08230,hydration-preloader,Hydration Preloader,Jar (364 g),08230_1.png,https://cdn.shopify.com/s/files/1/0674/2360/0921/files/Hydration-Preloader_Pure_af29b80e-2b4d-4fb8-9c75-62b838238756.png?v=1780985651,2000,2000,8230
08230,08230,hydration-preloader,Hydration Preloader,,08230_2.png,https://cdn.shopify.com/s/files/1/0674/2360/0921/files/Hydration-Preloader_Pure_back.png?v=1781611410,2000,2000,8230
45203,45203,immunoguard-blackcurrant,Immunoguard | Blackcurrant,Box (10 x 4 g),45203_1.png,https://cdn.shopify.com/s/files/1/0674/2360/0921/files/Immuno-Guard_Black-Currant.png?v=1719386755,2000,2000,45203
45203,45203,immunoguard-blackcurrant,Immunoguard | Blackcurrant,,45203_2.png,https://cdn.shopify.com/s/files/1/0674/2360/0921/files/Immuno-Guard_Sachet_Black-Currant.png?v=1719386755,2000,2000,45203
08153,08153,isotonic-citrus,Isotonic | Citrus,Jar (1000 g),08153_1.png,https://cdn.shopify.com/s/files/1/0674/2360/0921/files/Isotonic_1000g_Citrus.png?v=1772102114,2000,2000,8153
08152,08152,isotonic-citrus,Isotonic | Citrus,Refill bag (700 g),08152_2.png,https://cdn.shopify.com/s/files/1/0674/2360/0921/files/Isotonic_700g_Citrus.png?v=1772102114,2000,2000,8152
08118,08118,isotonic-fruit-mix,Isotonic | Fruit Mix,Jar (1000 g),08118_1.png,https://cdn.shopify.com/s/files/1/0674/2360/0921/files/Isotonic_1000g_Fruit-Mix.png?v=1772102060,2000,2000,8118
08117,08117,isotonic-fruit-mix,Isotonic | Fruit Mix,Refill bag (700 g),08117_2.png,https://cdn.shopify.com/s/files/1/0674/2360/0921/files/Isotonic_700g_Fruit-Mix.png?v=1772102060,2000,2000,8117
08154,08154,isotonic-ice-tea,Isotonic | Ice Tea,Jar (1000 g),08154_1.png,https://cdn.shopify.com/s/files/1/0674/2360/0921/files/Isotonic_1000g_Ice-Tea.png?v=1770625357,2000,2000,8154
08155,08155,isotonic-ice-tea,Isotonic | Ice Tea,Refill bag (700 g),08155_2.png,https://cdn.shopify.com/s/files/1/0674/2360/0921/files/Isotonic_700g_Ice-Tea.png?v=1770625357,2000,2000,8155
08143,08143,isotonic-peach,Isotonic | Peach,Jar (1000 g),08143_1.png,https://cdn.shopify.com/s/files/1/0674/2360/0921/files/Isotonic_Peach_fff05358-c36c-4b39-b38c-0505f066a9f3.png?v=1763472213,2000,2000,8143
08142,08142,isotonic-peach,Isotonic | Peach,Refill bag (700 g),08142_2.png,https://cdn.shopify.com/s/files/1/0674/2360/0921/files/Isotonic_Beutel_Peach.png?v=1763472213,2000,2000,8142
08123,08123,isotonic-red-orange,Isotonic | Red Orange,Jar (1000 g),08123_1.png,https://cdn.shopify.com/s/files/1/0674/2360/0921/files/Isotonic_1000g_Red-Orange.png?v=1768564139,2000,2000,8123
08122,08122,isotonic-red-orange,Isotonic | Red Orange,Refill bag (700 g),08122_2.png,https://cdn.shopify.com/s/files/1/0674/2360/0921/files/Isotonic_Beutel_Red-Orange.png?v=1768564139,2000,2000,8122
08114,08114,isotonic-red-orange,Isotonic | Red Orange,Einzelportion (52 g),08114_3.png,https://cdn.shopify.com/s/files/1/0674/2360/0921/files/Isotonic_52g_Red-Orange.png?v=1782807926,2000,2000,8114
08029,08029,isotonic-red-orange,Isotonic | Red Orange,Display (20 x 52 g),08029_4.png,https://cdn.shopify.com/s/files/1/0674/2360/0921/files/Isotonic_20x52g_Red-Orange.png?v=1782807982,2000,2000,8029
21011,21011,keego-x-sponser-flasche,SPONSER x Keego Flasche,white / red,21011_1.png,https://cdn.shopify.com/s/files/1/0674/2360/0921/files/Keego-Sponser-Flasche.png?v=1709739863,2000,2000,21011
21011,21011,keego-x-sponser-flasche,SPONSER x Keego Flasche,,21011_2.jpg,https://cdn.shopify.com/s/files/1/0674/2360/0921/files/2024-02-28_Facts_DE.jpg?v=1709893847,1080,1080,21011
21011,21011,keego-x-sponser-flasche,SPONSER x Keego Flasche,,21011_3.jpg,https://cdn.shopify.com/s/files/1/0674/2360/0921/files/2024-02-28_Facts_EN.jpg?v=1710172463,1080,1080,21011
06210,06210,l-glutamine-neutral,L-Glutamine | Neutral,Jar (350 g),06210_1.png,https://cdn.shopify.com/s/files/1/0674/2360/0921/files/L-Glutamine_Pure_a310a6e8-5512-4761-9175-f86ae2c07ef4.png?v=1786611116,2000,2000,6210
06210,06210,l-glutamine-neutral,L-Glutamine | Neutral,,06210_2.png,https://cdn.shopify.com/s/files/1/0674/2360/0921/files/L-Glutamine_Pure_back.png?v=1786611128,2000,2000,6210
45225,45225,lactoferrin,Lactoferrin,Jar (90 pce.),45225_1.png,https://cdn.shopify.com/s/files/1/0674/2360/0921/files/Lactoferrin_Caps.png?v=1779371791,2000,2000,45225
45225,45225,lactoferrin,Lactoferrin,,45225_2.png,https://cdn.shopify.com/s/files/1/0674/2360/0921/files/Lactoferrin_Caps_back.png?v=1779371799,2000,2000,45225
12125,12125,lipox-burner-raspberry,Lipox Burner | Raspberry,Jar (110 g),12125.png,https://cdn.shopify.com/s/files/1/0674/2360/0921/files/Lipox-Burner_Raspberry_d1fe0294-a314-4011-8ddc-2b56fc054199.png?v=1786454352,2000,2000,12125
17401,17401,liquid-energy-bcaa-strawberry-banana,Liquid Energy BCAA | Strawberry-Banana,Tube (70 g),17401_1.png,https://cdn.shopify.com/s/files/1/0674/2360/0921/files/Liquid-Energy-BCAA_f94fe833-c64a-4517-9766-3385c7ac6a04.png?v=1719388002,2000,2000,17401
17402,17402,liquid-energy-bcaa-strawberry-banana,Liquid Energy BCAA | Strawberry-Banana,Display (18 x 70 g),17402_2.png,https://cdn.shopify.com/s/files/1/0674/2360/0921/files/Liquid-Energy_BCAA_70g_Display_Strawberry-Banana_f00f45a4-289a-42bf-b6c6-1117fda42a3c.png?v=1784116552,2000,2000,17402
17313,17313,liquid-energy-plus-cola-lemon,Liquid Energy Plus | Cola-Lemon,Tube (70 g),17313_1.png,https://cdn.shopify.com/s/files/1/0674/2360/0921/files/Liquid-Energy-Plus_Cola-Lemon_d5a0719f-5577-436e-9d9b-511d6c9eddd9.png?v=1719388171,2000,2000,17313
17325,17325,liquid-energy-plus-cola-lemon,Liquid Energy Plus | Cola-Lemon,Display (18 x 70 g),17325_2.png,https://cdn.shopify.com/s/files/1/0674/2360/0921/files/Liquid-Energy_PLUS_70g_Display_Cola-Lemon_2.png?v=1786453551,2000,2000,17325
17124,17124,liquid-energy-plus-mit-koffein,Liquid Energy Plus | with Koffein,Sachet (35 g),17124_1.png,https://cdn.shopify.com/s/files/1/0674/2360/0921/files/Liquid-Energy-Plus_Sachet_2025.png?v=1765785004,2000,2000,17124
17114,17114,liquid-energy-plus-mit-koffein,Liquid Energy Plus | with Koffein,Display (40 x 35 g),17114_2.png,https://cdn.shopify.com/s/files/1/0674/2360/0921/files/Liquid-Energy-Plus_Sachet_Display_a8a9df21-201c-4909-abc3-97a471970021.png?v=1765785004,2000,2000,17114
17312,17312,liquid-energy-plus-mit-koffein,Liquid Energy Plus | with Koffein,Tube (70 g),17312_3.png,https://cdn.shopify.com/s/files/1/0674/2360/0921/files/Liquid-Energy_PLUS_70g_Neutral.png?v=1782824351,2000,2000,17312
17324,17324,liquid-energy-plus-mit-koffein,Liquid Energy Plus | with Koffein,Display (18 x 70g),17324_4.png,https://cdn.shopify.com/s/files/1/0674/2360/0921/files/Liquid-Energy_PLUS_70g_Display_Neutral_5df98a4a-7e8d-4e21-a70b-75f4465b383c.png?v=1782825529,2000,2000,17324
17212,17212,liquid-energy-pure-neutral,Liquid Energy Pure | Neutral,Tube (70 g),17212_1.png,https://cdn.shopify.com/s/files/1/0674/2360/0921/files/Liquid-Energy_PURE_70g_Neutral.png?v=1772526078,2000,2000,17212
17223,17223,liquid-energy-pure-neutral,Liquid Energy Pure | Neutral,Display (18 x 70 g),17223_2.png,https://cdn.shopify.com/s/files/1/0674/2360/0921/files/Liquid-Energy-Pure_Display_5766e47d-17fd-4a6e-b8cb-8c6c277fddd8.png?v=1772526078,2000,2000,17223
17212,17212;17223,liquid-energy-pure-neutral,Liquid Energy Pure | Neutral,,17212_3.png,https://cdn.shopify.com/s/files/1/0674/2360/0921/files/Liquid-Energy_PURE_70g_Display_Neutral.png?v=1786453474,2000,2000,17212
17133,17133,liquid-energy-salty,Liquid Energy | Salty,Sachet (35 g),17133_1.png,https://cdn.shopify.com/s/files/1/0674/2360/0921/files/Liquid-Energy_SALTY_35g_Salty.png?v=1776929502,2000,2000,17133
17143,17143,liquid-energy-salty,Liquid Energy | Salty,Display (40 x 35 g),17143_2.png,https://cdn.shopify.com/s/files/1/0674/2360/0921/files/Liquid-Energy_SALTY_35g_Display_Salty_98c900df-c83d-4b47-babc-cacb8c3f5e3d.png?v=1773236568,2000,2000,17143
17116,17116,liquid-energy-ultra-coconut-macadamia,Liquid Energy Ultra | Coconut-Macadamia,Sachet (25 g),17116.png,https://cdn.shopify.com/s/files/1/0674/2360/0921/files/Liquid-Energy-Ultra_Sachet.png?v=1719388835,2000,2000,17116
04717,04717,long-energy-berry,Long Energy | Berry,Jar (1000 g),04717.png,https://cdn.shopify.com/s/files/1/0674/2360/0921/files/Long-Energy_Berry_2025.png?v=1760515437,2000,2000,4717
04718,04718,long-energy-peach,Long Energy | Peach,Jar (1000 g),04718.png,https://cdn.shopify.com/s/files/1/0674/2360/0921/files/Long-Energy_Peach_2025.png?v=1759911319,2000,2000,4718
12121,12121,low-carb-burner-wild-berries,Low Carb Burner | Wild Berries,Box (20 x 6 g),12121_1.png,https://cdn.shopify.com/s/files/1/0674/2360/0921/files/Low-Carb-Burner_Box_Wild-Berries.png?v=1763646713,2000,2000,12121
12121,12121,low-carb-burner-wild-berries,Low Carb Burner | Wild Berries,,12121_2.png,https://cdn.shopify.com/s/files/1/0674/2360/0921/files/Low-Carb-Burner_Sachet_Wild-Berries_2025.png?v=1763646713,2000,2000,12121
05215,05215,low-carb-protein-shake-chocolate,Low Carb Protein Shake | Chocolate,Bag (500 g),05215.png,https://cdn.shopify.com/s/files/1/0674/2360/0921/files/Low-Carb-Protein-Shake_Chocolate_51c1728d-2a3a-4d2b-ae86-ae8c8866898c.png?v=1761898208,2000,2000,5215
05216,05216,low-carb-protein-shake-raspberry-1,Low Carb Protein Shake | Raspberry,Bag (500 g),05216.png,https://cdn.shopify.com/s/files/1/0674/2360/0921/files/Low-Carb-Protein-Shake_Raspberry_ce212cdc-1607-46fc-89f6-3b8c1857da6e.png?v=1761898197,2000,2000,5216
05214,05214,low-carb-protein-shake-vanilla,Low Carb Protein Shake | Vanilla,Bag (500 g),05214.png,https://cdn.shopify.com/s/files/1/0674/2360/0921/files/Low-Carb-Protein-Shake_Vanilla_d8eebc4a-967b-4f77-8694-3cecdae7d7b9.png?v=1761898217,2000,2000,5214
17517,17517,magnesium-375-exotic,Magnesium 375 | Exotic,Ampoulle (25 ml),17517_1.png,https://cdn.shopify.com/s/files/1/0674/2360/0921/files/Magnesium-375_25ml_Exotic-Fruits.png?v=1778243587,2000,2000,17517
17517,17517;17507,magnesium-375-exotic,Magnesium 375 | Exotic,,17517_2.png,https://cdn.shopify.com/s/files/1/0674/2360/0921/files/Magnesium-375_25ml_Exotic-Fruits_back.png?v=1778243600,2000,2000,17517
17507,17507,magnesium-375-exotic,Magnesium 375 | Exotic,Display (30 x 25 ml),17507_3.png,https://cdn.shopify.com/s/files/1/0674/2360/0921/files/Magnesium-375_Display_Exotic-Fruits.png?v=1778240732,2000,2000,17507
12105,12105,magnesium-6-complex,Magnesium 6-Complex,Dose (80 Kapseln),12105_1.png,https://cdn.shopify.com/s/files/1/0674/2360/0921/files/Magnesium-6-Complex_Caps.png?v=1768294517,2000,2000,12105
12105,12105;29924;29925,magnesium-6-complex,Magnesium 6-Complex,,12105_2.jpg,https://cdn.shopify.com/s/files/1/0674/2360/0921/files/SPONSER_Magnesium6-Complex_Square_Mood_2026dk.jpg?v=1773123288,1080,1080,12105
12105,12105;29924;29925,magnesium-6-complex,Magnesium 6-Complex,,12105_3.png,https://cdn.shopify.com/s/files/1/0674/2360/0921/files/Magnesium-6-Complex_Caps_back.png?v=1773123288,2000,2000,12105
29924,29924,magnesium-6-complex,Magnesium 6-Complex,3 Monatsbox (2 x Dose (80 Kapseln)),29924_4.png,https://cdn.shopify.com/s/files/1/0674/2360/0921/files/2xMagnesium_6-Complex.png?v=1773123288,2000,2000,29924
29925,29925,magnesium-6-complex,Magnesium 6-Complex,6 Monatsbox (4 x Dose (80 Kapseln)),29925_5.png,https://cdn.shopify.com/s/files/1/0674/2360/0921/files/4xMagnesium_6-Complex.png?v=1773123288,2000,2000,29925
12100,12100,magnesium-plus-fruit-mix,Magnesium Plus | Fruit Mix,Box (20 x 6.5 g),12100_1.png,https://cdn.shopify.com/s/files/1/0674/2360/0921/files/Magnesium-Plus_Box_Fruit-Mix.png?v=1765463758,2000,2000,12100
12100,12100,magnesium-plus-fruit-mix,Magnesium Plus | Fruit Mix,,12100_2.png,https://cdn.shopify.com/s/files/1/0674/2360/0921/files/Magnesium-Plus_Sachet_Fruitmix_2025.png?v=1765463758,2000,2000,12100
04004,04004,maltodextrin-100-neutral,Maltodextrin 100 | Neutral,Jar (900 g),04004_1.png,https://cdn.shopify.com/s/files/1/0674/2360/0921/files/Maltodextrin_49949ae2-e963-42e9-92e9-5a5846b8f26b.png?v=1773225280,2000,2000,4004
04005,04005,maltodextrin-100-neutral,Maltodextrin 100 | Neutral,Beutel (1800 g),04005_2.png,https://cdn.shopify.com/s/files/1/0674/2360/0921/files/Maltodextrin-100_1800g_Neutral.png?v=1782801335,2000,2000,4005
44033,44033,mass-gainer-chocolate,Mass Gainer | Chocolate,Jar (1200 g),44033.png,https://cdn.shopify.com/s/files/1/0674/2360/0921/files/Mass-Gainer_Chocolate_2025_def06544-4528-4828-80f9-59ac6195c49b.png?v=1766134859,2000,2000,44033
44031,44031,mass-gainer-vanilla,Mass Gainer | Vanilla,Jar (1200 g),44031.png,https://cdn.shopify.com/s/files/1/0674/2360/0921/files/Mass-Gainer_Vanilla_2025.png?v=1765440698,2000,2000,44031
45003,45003,mental-focus-herbs-berries,Mental Focus | Herbs & Berries,Jar (150 g),45003_1.png,https://cdn.shopify.com/s/files/1/0674/2360/0921/files/Mental-Focus_150g_Herbs-Berries.png?v=1786454043,2000,2000,45003
45003,45003,mental-focus-herbs-berries,Mental Focus | Herbs & Berries,,45003_2.png,https://cdn.shopify.com/s/files/1/0674/2360/0921/files/Mental-Focus_150g_Herbs-Berries_back.png?v=1786454048,2000,2000,45003
01020,01020,multi-protein-banana,Multi Protein | Banana,Jar (425 g),01020_1.png,https://cdn.shopify.com/s/files/1/0674/2360/0921/files/Multi-Protein_425g_Banana_941dc5a3-bc15-473d-8a7f-0e5f4a448e6d.png?v=1784887059,2000,2000,1020
01120,01120,multi-protein-banana,Multi Protein | Banana,Jar (850 g),01120_2.png,https://cdn.shopify.com/s/files/1/0674/2360/0921/files/Multi-Protein_850g_Banana_3c77e901-996e-4473-9ca2-5f7af8691653.png?v=1784887059,2000,2000,1120
01023,01023,multi-protein-chocolate,Multi Protein | Chocolate,Jar (425 g),01023_1.png,https://cdn.shopify.com/s/files/1/0674/2360/0921/files/Multi-Protein_425g_Chocolate_77b2e5ba-76bd-41ac-8f4b-d142be67053c.png?v=1775554345,2000,2000,1023
01123,01123,multi-protein-chocolate,Multi Protein | Chocolate,Jar (850 g),01123_2.png,https://cdn.shopify.com/s/files/1/0674/2360/0921/files/Multi-Protein_850g_Chocolate_1804c2ef-0ea8-47e7-aac0-eb15b59436af.png?v=1775554345,2000,2000,1123
01024,01024,multi-protein-chocolate-pistachio,Multi Protein | Chocolate-Pistachio,Jar (425 g),01024.png,https://cdn.shopify.com/s/files/1/0674/2360/0921/files/Multi-Protein_425g_Chocolate-Pistachio_918d59df-d8a8-4494-a121-6c9c3cc89ae5.png?v=1785244467,2000,2000,1024
01021,01021,multi-protein-strawberry,Multi Protein | Strawberry,Jar (425 g),01021_1.png,https://cdn.shopify.com/s/files/1/0674/2360/0921/files/Multi-Protein_425g_Strawberry_51368702-0ca7-41f2-a155-aead75cb4a38.png?v=1779444049,2000,2000,1021
01121,01121,multi-protein-strawberry,Multi Protein | Strawberry,Jar (850 g),01121_2.png,https://cdn.shopify.com/s/files/1/0674/2360/0921/files/Multi-Protein_850g_Strawberry_d2aaa3b7-eeb1-4e9b-bea4-96bb065694d9.png?v=1779444004,2000,2000,1121
01022,01022,multi-protein-vanilla,Multi Protein | Vanilla,Jar (425 g),01022_1.png,https://cdn.shopify.com/s/files/1/0674/2360/0921/files/Multi-Protein_425g_Vanilla_aaff3b79-1de2-4b4f-9fe1-0f53be9b3533.png?v=1773132862,2000,2000,1022
01122,01122,multi-protein-vanilla,Multi Protein | Vanilla,Jar (850 g),01122_2.png,https://cdn.shopify.com/s/files/1/0674/2360/0921/files/Multi-Protein_850g_Vanilla_a3b27094-8576-4541-aecc-5dca0bc0cc9a.png?v=1773132862,2000,2000,1122
04620,04620,muscle-relax-sour-shot,Muscle Relax | Sour Shot,Box (4 x 30 ml),04620_1.png,https://cdn.shopify.com/s/files/1/0674/2360/0921/files/Muscle-Relax_4x30ml_Sour-Shot.png?v=1786453728,2000,2000,4620
04620,04620,muscle-relax-sour-shot,Muscle Relax | Sour Shot,,04620_2.png,https://cdn.shopify.com/s/files/1/0674/2360/0921/files/Muscle-Relax_30ml_Sour-Shot.png?v=1786453740,2000,2000,4620
44072,44072,nitroflow-performance-blackcurrant,Nitroflow Performance | Blackcurrant,Box (10 x 7 g),44072_1.png,https://cdn.shopify.com/s/files/1/0674/2360/0921/files/Nitroflow-Performance_10x7g_Blackcurrant.png?v=1782217822,2000,2000,44072
44072,44072,nitroflow-performance-blackcurrant,Nitroflow Performance | Blackcurrant,,44072_2.png,https://cdn.shopify.com/s/files/1/0674/2360/0921/files/Nitroflow-Performance_10x7g_Blackcurrant_back.png?v=1782217834,2000,2000,44072
44072,44072,nitroflow-performance-blackcurrant,Nitroflow Performance | Blackcurrant,,44072_3.png,https://cdn.shopify.com/s/files/1/0674/2360/0921/files/Nitroflow-Performance_Sachet_Blackcurrant.png?v=1769006072,2000,2000,44072
14219,14219,oat-pack-creamy-caramel,Oat Pack | Creamy-Caramel,Bar (50 g),14219_1.png,https://cdn.shopify.com/s/files/1/0674/2360/0921/files/Oat-Pack_50g_Creamy-Caramel.png?v=1765191353,2000,2000,14219
14218,14218,oat-pack-creamy-caramel,Oat Pack | Creamy-Caramel,Display (25 x 50 g),14218_2.png,https://cdn.shopify.com/s/files/1/0674/2360/0921/files/Oat-Pack_Display_Creamy-Caramel_737768e5-6d88-40f3-bedb-ec6d31893675.png?v=1778658784,2000,2000,14218
14211,14211,oat-pack-macadamia-chufas,Oat Pack | Macadamia-Chufas,Bar (60 g),14211_1.png,https://cdn.shopify.com/s/files/1/0674/2360/0921/files/Oat-Pack_Macadamia.png?v=1719390375,2000,2000,14211
14210,14210,oat-pack-macadamia-chufas,Oat Pack | Macadamia-Chufas,Display (30 x 60 g),14210_2.png,https://cdn.shopify.com/s/files/1/0674/2360/0921/files/Oat-Pack_Display_Macadamia-Chufas02.png?v=1776347001,2000,2000,14210
45212,45212;29901;29902,omega-3-plus-citrus,Omega-3 Plus | Citrus,,45212_1.png,https://cdn.shopify.com/s/files/1/0674/2360/0921/files/Omega-3-Plus_Citrus_7cdc6c58-09a6-4f7c-8dd3-88bf28016274.png?v=1784883333,2000,2000,45212
45212,45212;29901;29902,omega-3-plus-citrus,Omega-3 Plus | Citrus,,45212_2.png,https://cdn.shopify.com/s/files/1/0674/2360/0921/files/Omega-3_Citrus_back.png?v=1771592570,2000,2000,45212
45212,45212;29901;29902,omega-3-plus-citrus,Omega-3 Plus | Citrus,,45212_3.png,https://cdn.shopify.com/s/files/1/0674/2360/0921/files/Omega-3-Plus_Citrus_4x_0b20aa22-d38a-49d2-81eb-ebd966b29738.png?v=1784883338,2000,2000,45212
45212,45212;29901;29902,omega-3-plus-citrus,Omega-3 Plus | Citrus,,45212_4.png,https://cdn.shopify.com/s/files/1/0674/2360/0921/files/Omega-3-Plus_Citrus_8x_9464d8d9-f5df-4447-84bb-801c92d6910e.png?v=1784883347,2000,2000,45212
17705,17705,power-gums-cola,Power Gums | Cola,Sachet (75 g),17705_1.png,https://cdn.shopify.com/s/files/1/0674/2360/0921/files/Power-Gums_75g_Cola_d0683d0e-ffb5-44b9-aa21-12427a489941.png?v=1784267196,2000,2000,17705
17704,17704,power-gums-cola,Power Gums | Cola,Display (20 x 75 g),17704_2.png,https://cdn.shopify.com/s/files/1/0674/2360/0921/files/Power-Gums_20x75g_Cola.png?v=1784267196,2000,2000,17704
17705,17705;17704,power-gums-cola,Power Gums | Cola,,17705_3.jpg,https://cdn.shopify.com/s/files/1/0674/2360/0921/files/SPONSER_PowerGums_Square_Mood_2026dk.jpg?v=1775824067,1080,1080,17705
17701,17701,power-gums-fruit-mix,Power Gums | Fruit Mix,Sachet (75 g),17701_1.png,https://cdn.shopify.com/s/files/1/0674/2360/0921/files/Power-Gums_Fruitmix.png?v=1719390435,2000,2000,17701
17700,17700,power-gums-fruit-mix,Power Gums | Fruit Mix,Display (20 x 75 g),17700_2.png,https://cdn.shopify.com/s/files/1/0674/2360/0921/files/Power-Gums_Display_Fruit-Mix.png?v=1768379834,2000,2000,17700
17707,17707,power-gums-sour,Power Gums | Sour,Sachet (75 g),17707_1.png,https://cdn.shopify.com/s/files/1/0674/2360/0921/files/Power-Gums_Sour_a9ea3f0a-97bd-4efd-8907-dfcd9ab8a01c.png?v=1719390455,2000,2000,17707
17706,17706,power-gums-sour,Power Gums | Sour,Display (20 x 75 g),17706_2.png,https://cdn.shopify.com/s/files/1/0674/2360/0921/files/Power-Gums_Display_Sour_6fcace01-edb2-4641-a1d0-41066e2d4967.png?v=1719390455,2000,2000,17706
09304,09304,power-porridge-apple-vanilla,Power Porridge | Apple-Vanilla,Bag (840 g),09304.png,https://cdn.shopify.com/s/files/1/0674/2360/0921/files/Power-Porridge_Apple-Vanilla_7041d33c-9495-407a-8c13-be1a49318898.png?v=1779796291,2000,2000,9304
44052,44052,pre-workout-booster-apple-raspberry,Pre-Workout Booster | Apple-Raspberry,Jar (256 g),44052_1.png,https://cdn.shopify.com/s/files/1/0674/2360/0921/files/Pre-Workout-Booster_Apple-Raspberry_33db4343-a198-40f6-90a4-f5094f9c9038.png?v=1776147670,2000,2000,44052
44052,44052,pre-workout-booster-apple-raspberry,Pre-Workout Booster | Apple-Raspberry,,44052_2.jpg,https://cdn.shopify.com/s/files/1/0674/2360/0921/files/SPONSER_PreWorkoutBooster_Square_Mood_2026dk.jpg?v=1776147670,1080,1080,44052
44053,44053,pre-workout-booster-cola,Pre-Workout Booster | Cola,Jar (256 g),44053_1.png,https://cdn.shopify.com/s/files/1/0674/2360/0921/files/Pre-Workout-Booster_Cola_1e18fabd-c5b7-472d-bf21-18539f4d41ee.png?v=1776147366,2000,2000,44053
44053,44053,pre-workout-booster-cola,Pre-Workout Booster | Cola,,44053_2.jpg,https://cdn.shopify.com/s/files/1/0674/2360/0921/files/SPONSER_PreWorkoutBooster_Square_Mood_2026dk_b629d9b0-6fbe-47fa-b46b-62279a214280.jpg?v=1776147366,1080,1080,44053
07709,07709,premium-plant-protein-vanilla,Premium Plant Protein | Vanilla,Jar (455 g),07709.png,https://cdn.shopify.com/s/files/1/0674/2360/0921/files/Premium_Plant_Protein_455g_Vanille.png?v=1730990400,2000,2000,7709
07541,07541,premium-whey-hydro-chocolate,Premium Whey Hydro | Chocolate,Jar (850 g),07541.png,https://cdn.shopify.com/s/files/1/0674/2360/0921/files/Premium-Whey-Hydro_Chocolate_2025.png?v=1770626557,2000,2000,7541
07540,07540,premium-whey-hydro-vanilla,Premium Whey Hydro | Vanilla,Jar (850 g),07540.png,https://cdn.shopify.com/s/files/1/0674/2360/0921/files/Premium-Whey-Hydro_Vanilla_2025.png?v=1762759171,2000,2000,7540
26020,26020,pro-bottle-500ml,Pro Bottle 500ml,white/red,26020_1.png,https://cdn.shopify.com/s/files/1/0674/2360/0921/files/Pro-Bottle_500_front.png?v=1723037679,2000,2000,26020
26020,26020,pro-bottle-500ml,Pro Bottle 500ml,,26020_2.png,https://cdn.shopify.com/s/files/1/0674/2360/0921/files/Pro-Bottle_500_back.png?v=1723038178,2000,2000,26020
26023,26023,pro-bottle-750ml,Pro Bottle 750ml,white/red,26023_1.png,https://cdn.shopify.com/s/files/1/0674/2360/0921/files/Pro-Bottle_750_front.png?v=1723038895,2000,2000,26023
26023,26023,pro-bottle-750ml,Pro Bottle 750ml,,26023_2.png,https://cdn.shopify.com/s/files/1/0674/2360/0921/files/Pro-Bottle_750_back.png?v=1723038904,2000,2000,26023
18155,18155,pro-recovery-chocolate,Pro Recovery | Chocolate,Jar (800 g),18155_1.png,https://cdn.shopify.com/s/files/1/0674/2360/0921/files/Pro-Recovery_Chocolate_2025.png?v=1764323173,2000,2000,18155
18159,18159,pro-recovery-chocolate,Pro Recovery | Chocolate,Refill bag (2000 g),18159_2.png,https://cdn.shopify.com/s/files/1/0674/2360/0921/files/Pro-Recovery_2000g_Chocolate.png?v=1785404182,2000,2000,18159
18155,18155;18159,pro-recovery-chocolate,Pro Recovery | Chocolate,,18155_3.jpg,https://cdn.shopify.com/s/files/1/0674/2360/0921/files/SPONSER_ProRecovery_Chocolate_3_Square_Mood_2026dk.jpg?v=1773123097,1080,1080,18155
18157,18157,pro-recovery-mango,Pro Recovery | Mango,Jar (800 g),18157.png,https://cdn.shopify.com/s/files/1/0674/2360/0921/files/Pro-Recovery_Mango_2025.png?v=1765958059,2000,2000,18157
18150,18150,pro-recovery-vanilla,Pro Recovery | Vanilla,Jar (900 g),18150_1.png,https://cdn.shopify.com/s/files/1/0674/2360/0921/files/Pro-Recovery_Vanilla_2025.png?v=1762423352,2000,2000,18150
18158,18158,pro-recovery-vanilla,Pro Recovery | Vanilla,Refill bag (2000 g),18158_2.png,https://cdn.shopify.com/s/files/1/0674/2360/0921/files/Pro-Recovery_2000g_Vanilla.png?v=1785231278,2000,2000,18158
44062,44062,protein-50-chocolate,Protein 50 | Chocolate,Bar (50 g),44062_1.png,https://cdn.shopify.com/s/files/1/0674/2360/0921/files/Protein-50_Chocolate_5cb10b02-2ddc-4b05-a342-647ae30a5beb.png?v=1740045404,2000,2000,44062
44062,44062;44063,protein-50-chocolate,Protein 50 | Chocolate,,44062_2.png,https://cdn.shopify.com/s/files/1/0674/2360/0921/files/Protein-50_Display_Chocolate02.png?v=1776346881,2000,2000,44062
44067,44067,protein-50-cookie-dough,Protein 50 | Cookie Dough,Bar (50 g),44067_1.png,https://cdn.shopify.com/s/files/1/0674/2360/0921/files/Protein-50_50g_Cookie-Dough.png?v=1768897207,2000,2000,44067
44068,44068,protein-50-cookie-dough,Protein 50 | Cookie Dough,Display (20 x 50g),44068_2.png,https://cdn.shopify.com/s/files/1/0674/2360/0921/files/Protein-50_Display_Cookie-Dough_027ce81d-a8f8-4696-a1c0-3d46fee6b54b.png?v=1768897235,2000,2000,44068
45118,45118,protein-low-carb-choco-brownie,Protein Low Carb | Choco Brownie,Bar (50 g),45118_1.png,https://cdn.shopify.com/s/files/1/0674/2360/0921/files/Protein-Low-Carb_Choco-Brownie_d00b5d16-da02-4b5d-bb1a-e7dfda113fbe.png?v=1739876604,2000,2000,45118
45117,45117,protein-low-carb-choco-brownie,Protein Low Carb | Choco Brownie,Display (25 x 50 g),45117_2.png,https://cdn.shopify.com/s/files/1/0674/2360/0921/files/Protein-Low-Carb_Display_Choco-Brownie_2.png?v=1772008131,2000,2000,45117
18121,18121,recovery-drink-strawberry-banana,Recovery Drink | Strawberry-Banana,Jar (1200 g),18121_1.png,https://cdn.shopify.com/s/files/1/0674/2360/0921/files/Recovery-Drink_Strawberry-Banana_dbbb2233-ddf1-4015-b39d-aff61cb1cb80.png?v=1768911568,2000,2000,18121
18111,18111,recovery-drink-strawberry-banana,Recovery Drink | Strawberry-Banana,Sachet (60 g),18111_2.png,https://cdn.shopify.com/s/files/1/0674/2360/0921/files/Recovery-Drink_Sachet_c619173e-3e41-4398-8ab6-a9ff16191c23.png?v=1768911568,2000,2000,18111
18101,18101,recovery-drink-strawberry-banana,Recovery Drink | Strawberry-Banana,Display (20 x 60 g),18101_3.png,https://cdn.shopify.com/s/files/1/0674/2360/0921/files/Recovery-Drink_Display_Strawberry-Banana.png?v=1768911568,2000,2000,18101
03525,03525,recovery-shake-banana,Recovery Shake | Banana,Jar (900 g),03525.png,https://cdn.shopify.com/s/files/1/0674/2360/0921/files/Recovery-Shake_Banana_234aea5c-ad88-4e27-b775-64f2bfcc90d6.png?v=1777991802,2000,2000,3525
03526,03526,recovery-shake-chocolate,Recovery Shake | Chocolate,Jar (900 g),03526.png,https://cdn.shopify.com/s/files/1/0674/2360/0921/files/Recovery-Shake_Chocolate_3e6eca3f-c8ab-4957-a872-b08f63c26e4c.png?v=1769696675,2000,2000,3526
03527,03527,recovery-shake-vanilla,Recovery Shake | Vanilla,Jar (900 g),03527.png,https://cdn.shopify.com/s/files/1/0674/2360/0921/files/Recovery-Shake_Vanilla_1e69ad0d-4d90-4603-aeb7-e2a57887d1d9.png?v=1769697709,2000,2000,3527
44071,44071,red-beet-vinitrox,Red Beet Vinitrox,Box (4 x 60 ml),44071_1.png,https://cdn.shopify.com/s/files/1/0674/2360/0921/files/Red-Beet-Vinitrox_4x60ml_Ready-to-drink.png?v=1781851963,2000,2000,44071
44071,44071,red-beet-vinitrox,Red Beet Vinitrox,,44071_2.png,https://cdn.shopify.com/s/files/1/0674/2360/0921/files/Red-Beet-Vinitrox_60ml_Ready-to-drink.png?v=1781851968,2000,2000,44071
45005,45005,relax-recover-orange-peach,Relax & Recover | Orange-Peach,Jar (120 g),45005.png,https://cdn.shopify.com/s/files/1/0674/2360/0921/files/Relax-Recover_Orange-Peach_2025_f567a2a6-b1e9-40c0-8ab8-0e8c59769165.png?v=1758715277,2000,2000,45005
04616,04616,salt-caps,Salt Caps,Jar (120 pce.),04616.png,https://cdn.shopify.com/s/files/1/0674/2360/0921/files/Salt-Caps_2025.png?v=1759405862,2000,2000,4616
07716,07716,senior-protein-chocolate,Senior Protein | Chocolate,,07716.png,https://cdn.shopify.com/s/files/1/0674/2360/0921/files/Senior-Protein_Chocolate_2025.png?v=1758527317,2000,2000,7716
07715,07715,senior-protein-orange-yoghurt,Senior Protein | Orange-Yoghurt,Jar (455 g),07715.png,https://cdn.shopify.com/s/files/1/0674/2360/0921/files/Senior-Protein_Orange-Yoghurt_2025.png?v=1759830476,2000,2000,7715
26107,26107,single-cap,Single cap,Standard bottles,26107_1.png,https://cdn.shopify.com/s/files/1/0674/2360/0921/products/bidon_aufsatz_2k_1_1a64600d-7d52-46f1-912f-f34c008187e5.png?v=1694778403,1000,1000,26107
26308,26308,single-cap,Single cap,Children bottles,26308_2.png,https://cdn.shopify.com/s/files/1/0674/2360/0921/products/kindernuggi_1_ceb7052a-1b2f-40be-b694-d58b84b840d2.png?v=1694778403,1000,1000,26308
21006,21006,smartshake-original-shaker,Smartshake™ Original Shaker,,21006.png,https://cdn.shopify.com/s/files/1/0674/2360/0921/products/shaker_2017_2k_1_8516e7f3-f4e2-444d-bcd2-ccbaacfbcb4e.png?v=1678724068,1000,1000,21006
45010,45010,sport-biotics,Sport Biotics,,45010_1.png,https://cdn.shopify.com/s/files/1/0674/2360/0921/files/Sport_Biotics_a0e598c6-4c35-4f20-bc27-a0cc28ae4452.png?v=1749543565,2000,2000,45010
45010,45010,sport-biotics,Sport Biotics,,45010_2.png,https://cdn.shopify.com/s/files/1/0674/2360/0921/files/Label_Sport-Biotics_Info.png?v=1750931806,1500,1281,45010
19002,19002,sport-tea-peach,Sport Tea | Peach,Bottle (1 l),19002.png,https://cdn.shopify.com/s/files/1/0674/2360/0921/files/Sport-Tea_IceTea-Peach_2ffeb2a1-3a1f-4dfd-aae1-08fb74ba1092.png?v=1751455576,2000,2000,19002
25004,25004,sun-cap,Sun Cap,,25004.png,https://cdn.shopify.com/s/files/1/0674/2360/0921/products/sun_cap_1_3718f6cd-eb1f-4964-b4e9-9d658006226b.png?v=1678724071,1000,1000,25004
23504,23504,thermo-barrel-10-liter,Thermo-barrel 10 liter,,23504.png,https://cdn.shopify.com/s/files/1/0674/2360/0921/files/Fass_Thermo_10l.png?v=1720518324,2000,2000,23504
25040,25040,towel,Towel,,25040.png,https://cdn.shopify.com/s/files/1/0674/2360/0921/products/sporthandtuch_2k_1_0c5cb92a-9613-4468-8954-1660b3d8d017.png?v=1678724066,1200,1200,25040
08219,08219,ultra-competition-neutral,Ultra Competition® | Neutral,Beutel (800 g),08219.png,https://cdn.shopify.com/s/files/1/0674/2360/0921/files/Ultra-Competition_800g_Neutral.png?v=1772716744,2000,2000,8219
10722,10722,vegan-protein-brownie,Protein Brownie | Chocolate,Bar (50 g),10722_1.png,https://cdn.shopify.com/s/files/1/0674/2360/0921/files/Protein-Brownie_50g_Chocolate.png?v=1783072389,2000,2000,10722
10723,10723,vegan-protein-brownie,Protein Brownie | Chocolate,Display (12 x 50 g),10723_2.png,https://cdn.shopify.com/s/files/1/0674/2360/0921/files/Protein-Brownie_12x50g_Chocolate.png?v=1783072389,2000,2000,10723
07707,07707,vegan-protein-chocolate,Vegan Protein | Chocolate,,07707_1.png,https://cdn.shopify.com/s/files/1/0674/2360/0921/files/Vegan-Protein_480g_Chocolate.png?v=1764082505,2000,2000,7707
07707,07707,vegan-protein-chocolate,Vegan Protein | Chocolate,,07707_2.jpg,https://cdn.shopify.com/s/files/1/0674/2360/0921/files/SPONSER_VeganProtein_Chocolate_Square_Mood_2026dk_4cb3a02c-f802-4c68-9516-3cf18ebaa322.jpg?v=1773123048,1080,1080,7707
07706,07706,vegan-protein-neutral,Vegan Protein | Neutral,Bag (480 g),07706.png,https://cdn.shopify.com/s/files/1/0674/2360/0921/files/Vegan-Protein_Neutral_300b435d-62e3-43e4-bcef-7fb90badff39.png?v=1761898298,2000,2000,7706
21010,21010,wave-shaker,Wave Shaker,,21010.png,https://cdn.shopify.com/s/files/1/0674/2360/0921/products/wave-shaker_1_56abb48b-8ecc-4df3-b27d-ffb6865fa888.png?v=1678724052,1000,1000,21010
07013,07013,whey-isolate-94-banana,Whey Isolate 94 | Banana,Jar (425 g),07013_1.png,https://cdn.shopify.com/s/files/1/0674/2360/0921/files/Whey-Isolate-94_425g_Banana.png?v=1765957982,2000,2000,7013
07151,07151,whey-isolate-94-banana,Whey Isolate 94 | Banana,Refill bag (1500 g),07151_2.png,https://cdn.shopify.com/s/files/1/0674/2360/0921/files/Whey-Isolate-94_1500g_Banana.png?v=1765973826,2000,2000,7151
07014,07014,whey-isolate-94-caffe-latte,Whey Isolate 94 | Caffe Latte,Jar (425 g),07014_1.png,https://cdn.shopify.com/s/files/1/0674/2360/0921/files/Whey-Isolate-94_425g_Caffe-Latte_67fa3f38-cc88-452a-ad71-a1fd196f6c5c.png?v=1765804103,2000,2000,7014
07156,07156,whey-isolate-94-caffe-latte,Whey Isolate 94 | Caffe Latte,Refill bag (1500 g),07156_2.png,https://cdn.shopify.com/s/files/1/0674/2360/0921/files/Whey-Isolate-94_1500g_Caffe-Latte.png?v=1770281299,2000,2000,7156
07003,07003,whey-isolate-94-chocolate,Whey Isolate 94 | Chocolate,Jar (425 g),07003_1.png,https://cdn.shopify.com/s/files/1/0674/2360/0921/files/Whey-Isolate-94_425g_Chocolate_ce80fdeb-6c23-46b8-b89a-01ae8e2031bc.png?v=1763451421,2000,2000,7003
07003,07003;07111;07154;07212,whey-isolate-94-chocolate,Whey Isolate 94 | Chocolate,,07003_2.jpg,https://cdn.shopify.com/s/files/1/0674/2360/0921/files/SPONSER_Whey94_Chocolate_2_Square_Mood_2026dk.jpg?v=1773122973,1080,1080,7003
07111,07111,whey-isolate-94-chocolate,Whey Isolate 94 | Chocolate,Jar (850 g),07111_3.png,https://cdn.shopify.com/s/files/1/0674/2360/0921/files/Whey-Isolate-94_850g_Chocolate_2025.png?v=1773122973,2000,2000,7111
07154,07154,whey-isolate-94-chocolate,Whey Isolate 94 | Chocolate,Refill bag (1500 g),07154_4.png,https://cdn.shopify.com/s/files/1/0674/2360/0921/files/Whey-Isolate-94_1500g_Chocolate.png?v=1773122973,2000,2000,7154
07011,07011,whey-isolate-94-cookies-cream,Whey Isolate 94 | Cookies & Cream,Jar (425 g),07011_1.png,https://cdn.shopify.com/s/files/1/0674/2360/0921/files/Whey-Isolate-94_425g_Cookies-Cream.png?v=1771923235,2000,2000,7011
07159,07159,whey-isolate-94-cookies-cream,Whey Isolate 94 | Cookies & Cream,Beutel (1500 g),07159_2.png,https://cdn.shopify.com/s/files/1/0674/2360/0921/files/Whey-Isolate-94_1500g_Cookies-Cream.png?v=1771923235,2000,2000,7159
07105,07105,whey-isolate-94-neutral,Whey Isolate  94 | Neutral,Jar (850 g),07105_1.png,https://cdn.shopify.com/s/files/1/0674/2360/0921/files/Whey-Isolate-94_850g_Pure_2025.png?v=1759912252,2000,2000,7105
07150,07150,whey-isolate-94-neutral,Whey Isolate  94 | Neutral,Refill bag (1500 g),07150_2.png,https://cdn.shopify.com/s/files/1/0674/2360/0921/files/Whey-Isolate-94_1500g_Neutral.png?v=1784886970,2000,2000,7150
07001,07001,whey-isolate-94-strawberry,Whey Isolate 94 | Strawberry,Jar (425 g),07001_1.png,https://cdn.shopify.com/s/files/1/0674/2360/0921/files/Whey-Isolate-94_425g_Strawberry_c60f5706-2628-4f93-a87f-b9fc0ed653b6.png?v=1776751639,2000,2000,7001
07152,07152,whey-isolate-94-strawberry,Whey Isolate 94 | Strawberry,Refill bag (1500 g),07152_2.png,https://cdn.shopify.com/s/files/1/0674/2360/0921/files/Whey-Isolate-94_1500g_Strawberry.png?v=1776751639,2000,2000,7152
07002,07002,whey-isolate-94-vanille,Whey Isolate 94 | Vanilla,Jar (425 g),07002_1.png,https://cdn.shopify.com/s/files/1/0674/2360/0921/files/Whey-Isolate-94_425g_Vanilla_704117fb-bfb8-4b10-993b-3bc15d78665a.png?v=1763622326,2000,2000,7002
07110,07110,whey-isolate-94-vanille,Whey Isolate 94 | Vanilla,Jar (850 g),07110_2.png,https://cdn.shopify.com/s/files/1/0674/2360/0921/files/Whey-Isolate-94_850g_Vanilla_96dd4521-e8c9-493d-bb66-5fa40311408c.png?v=1763622386,2000,2000,7110
07153,07153,whey-isolate-94-vanille,Whey Isolate 94 | Vanilla,Refill bag (1500 g),07153_3.png,https://cdn.shopify.com/s/files/1/0674/2360/0921/files/Whey-Isolate-94_1500g_Vanilla.png?v=1770641564,2000,2000,7153
43101,43101,whey-protein-triple-source-swiss-chocolate,Whey Protein Triple Source | Swiss Chocolate,Bag (500 g),43101.png,https://cdn.shopify.com/s/files/1/0674/2360/0921/files/Whey-Protein-Triple-Source_Chocolate_b7c97f49-a45b-4733-aa98-fb27049e1c76.png?v=1784886912,2000,2000,43101
43100,43100,whey-protein-triple-source-vanilla-dream,Whey Protein Triple Source  | Vanilla Dream,Bag (500 g),43100.png,https://cdn.shopify.com/s/files/1/0674/2360/0921/files/Whey-Protein-Triple-Source_Vanilla_2a736bbf-e862-4493-bda8-065218e0511e.png?v=1784886871,2000,2000,43100
